DOWLKNUM,UTMX,UTMY,LON,LAT,EWMSTATUS,EWMSTATUS_corrRelFrq,max_depth,size_acres,avg_ph,avg_secchi,avg_conductance,avg_phosphorus,avg_chlorophylla,a440.cdom,mean.gdd_wtr_10c
1000100,494097.0582,5114741.396,-93.07649059,46.18622363,U,0,7.9248,377.7636297,7.171111111,1.848180386,140.74,0.089083333,14.05714286,5.3052915,1718.51915
1003400,483970.3014,5173669.424,-93.2097389,46.7163875,U,0,3.3528,240.0631852,7.525,0.980410213,114.5166667,0.048166667,22.4,10.93342255,1610.660012
1007200,470459.1842,5164338.888,-93.38592232,46.63196075,U,0,4,341.4781003,7.577777778,1.137386667,96.41111111,0.0295,33.9,7.15489585,1599.119742
1008900,462197.1965,5148324.396,-93.49254774,46.48742935,U,0,35.3568,434.7211863,7.44462963,3.404597262,151.0563636,0.0164,6.802857143,3.94386225,1529.138006
1009200,464357.0013,5143108.449,-93.46400876,46.44060712,U,0,1.524,271.5376403,7.82,1.179166667,48.06,0.0235,9.72,8.592259,1520.099149
1009600,464414.4068,5150836.52,-93.46385202,46.51015736,U,0,14.3256,597.6574358,7.57625,3.044336877,181.9666667,0.051916667,10.83111111,1.4442527,1550.136009
1010200,461899.8436,5165316.622,-93.49781873,46.64032757,U,0,11.8872,348.8580759,7.755625,4.703155274,146.1393939,0.070875,5.22,1.8602385,1528.831364
1010400,458297.0716,5163659.077,-93.54474098,46.62519693,1,1,11.2776,149.2618164,7.736666667,2.225896296,212.7368421,0.020666667,7.482,3.82896325,1604.868496
1010500,461988.9966,5164146.343,-93.49655756,46.62980129,U,0,4.572,318.8279002,7.788,1.162965138,127.2,0.069533333,39.66333333,1.8853567,1630.941744
1015700,440638.8309,5133864.451,-93.77158104,46.35575192,0,0,23.7744,638.0269422,7.944444444,3.751983118,256.6,0.013428571,3.2,0.3413578,1551.044959
1015900,440683.782,5141227.325,-93.77193035,46.42201372,U,0,15.5448,2005.194062,7.726222222,3.518927292,202.9666667,0.058333333,5.23,0.52636135,1549.935394
1018800,442659.2341,5166528.793,-93.74934995,46.64986541,U,0,4.8768,304.3711034,7.56,1.438072917,151.26,0.041230769,15.28888889,4.3050718,1513.30197
1020400,438034.8405,5131543.537,-93.80511788,46.33463285,0,0,36.8808,736.6553297,7.925,3.542339277,289.3333333,0.0128,3,0.25282675,1555.883457
2000400,495368.9805,5003213.13,-93.05894518,45.18238548,1,1,4.572,551.9256232,8.38043956,1.258507742,414.2843137,0.263583333,85.345,4.331228525,1855.70541
2000600,494460.8242,5001105.981,-93.0704811,45.16341112,1,1,5.4864,473.8586731,8.399528302,1.302719735,349.5027273,0.05486,43.96,0.2765506,1954.509856
2000900,492229.7453,4999887.982,-93.0988506,45.15242605,U,0,2.7432,336.4993232,9.08,0.641458333,272.75,0.106823529,47.78571429,2.6295211,1964.698094
2001600,496619.9032,5011821.59,-93.0430815,45.25988228,U,0,1.521066903,455.5937262,8.989166667,1.061052632,427.4761905,0.05273913,15.71142857,3.60912945,1834.509447
2002600,491522.891,5022022.941,-93.10822069,45.35166602,1,1,12.4968,572.1010891,8.419230769,1.073605522,237.6969697,0.063119048,24.40833333,1.58634245,1904.66129
2004200,486945.324,5016905.783,-93.16652372,45.30553427,1,1,7.9248,1481.242512,8.326521739,1.898448566,183.2619048,0.035948718,9.3732,2.32040075,1777.911542
2005300,482559.9597,5011560.083,-93.22227451,45.25732016,1,1,6.4008,154.6295017,8.3672,2.698723268,255.1818182,0.026444444,7.794444444,1.42803295,1748.445862
2006500,486952.2348,5027759.03,-93.16672218,45.40322804,U,0,2.7432,334.2930015,8.741111111,3.3528,78.85454545,0.006666667,0.0031,1.25662065,1630.373578
2008400,473061.835,5006368.734,-93.34304572,45.21029104,1,1,7.62,114.9304084,8.28969697,2.133528421,442.5166667,0.027117647,6.494444444,1.93258605,1931.492857
2009100,473692.683,5022636.811,-93.33587526,45.35674912,1,1,9.4488,488.627662,8.142777778,2.622070253,181.40625,0.028055556,8.42,0.47929515,1759.889125
3001000,327229.8412,5201583.145,-95.27024892,46.94526301,U,0,18.8976,471.442435,7.616666667,2.717688706,308.3333333,0.055375,8.666666667,1.2801775,1458.690532
3003000,327775.1165,5215532.625,-95.26839627,47.07083444,U,0,32.9184,385.1008088,8.06,6.357539233,310.2,0.01,1.3025,0.16765825,1419.681134
3009600,322503.4943,5216279.375,-95.33806492,47.07615281,U,0,1.8288,592.4486898,9.075,1.963181818,177,0.017,4.5,0.47370865,1373.279433
3010200,313777.5079,5202079.708,-95.44706092,46.94608733,U,0,4.572,3147.320536,8.851666667,1.844375758,266.625,0.027833333,11.52,0.2495966,1485.399369
3020000,298414.3905,5199244.742,-95.64747105,46.91611241,U,0,5.1816,482.1227555,8.885,2.350267857,283.625,0.025111111,5.666666667,0.24427995,1493.11276
3024101,296242.9178,5197828.385,-95.67532382,46.9027179,U,0,4.8768,606.516333,8.74125,1.9365,275.5,0.019,4,0.2527361,1425.807408
3024102,296543.155,5201305.688,-95.6729412,46.93406772,U,0,4.8768,1442.309619,8.85625,1.96991541,270.7,0.0365,15.25285714,0.7450625,1425.807408
3024200,298107.1178,5205752.9,-95.65439444,46.97452214,U,0,5,1789.754953,8.766,3.08037037,205.2,0.01975,7.5,0.34921595,1387.225347
3036600,284116.8788,5182282.733,-95.82700329,46.7591635,U,0,2,280.112591,9.463846154,1.281180556,195.1444444,0.049777778,17.69,0.6463158,1542.521486
3040000,280140.3082,5191411.143,-95.8833933,46.83990926,U,0,4.572,333.9968305,9.349333333,1.492901235,335.1166667,0.054333333,11.472,0.63697255,1657.804106
3048900,275699.0777,5181987.08,-95.9369453,46.75373175,U,0,3,202.1444966,7.56,1.930789474,380,0.033,11,0.56853875,1585.696288
4003200,385138.8669,5268671.869,-94.52690228,47.5612984,0,0,12.192,1230.437715,7.995,2.95439931,313.2,0.029285714,14.6075,2.01213015,1497.94855
4003400,386027.8351,5277152.948,-94.51729355,47.63773954,U,0,18.288,680.3549987,7.434285714,2.81881,380.8,0.014,1.815,3.9915441,1450.107411
4019800,355105.7154,5283645.935,-94.93089252,47.68994727,U,0,4,2177.250065,8.714,1.445882353,248.4,0.020333333,10.875,0.92393615,1536.657657
5001300,409065.841,5064907.184,-94.16873649,45.73174306,0,0,4.8768,1310.661097,8.967857143,0.786390981,298.6022222,0.274317073,125.6741935,1.8282579,1780.433682
6000100,252568.7582,5009559.924,-96.15015212,45.19606714,U,0,2,4461.876601,8.415,0.251869091,894.2857143,0.176666667,99.9,2.221322625,1966.639677
6000200,254132.2222,5027166.37,-96.13899794,45.3548609,U,0,3.9624,1970.759868,8.786129032,0.93522869,842.8896552,0.245454545,32.16,0.412164325,1926.967698
7004400,435926.3612,4893233.802,-93.80173666,44.18950702,1,1,17.3736,1447.150508,8.020420561,1.493440485,352.5143541,0.338,88.33076923,2.52860805,2017.327256
7004700,430489.1567,4898142.713,-93.87041415,44.23320001,U,0,8.2296,88.2444019,8.084,0.868495238,302.4666667,0.11675,90.21428571,2.5421874,2024.1369
7005300,434827.4838,4896424.197,-93.81588158,44.21813051,U,1,7.3152,290.4194253,8.518333333,0.934728671,341.4045455,0.125,50.54363636,1.19379,2070.374698
7005400,433248.5622,4895737.786,-93.83555834,44.21180842,1,1,16.764,370.7580457,7.96421875,1.2991152,357.7347826,0.0475,26.26,0.34361365,1969.958399
7007900,417777.2175,4857511.654,-94.02325236,43.86611618,1,1,2.4384,1358.595921,8.932162162,1.350859353,387.972093,0.149518519,49.49870968,0.5526432,1945.207552
7009800,403711.9553,4884727.433,-94.20319688,44.10939919,U,0,3.048,379.3829286,9.354444444,0.627437583,365.7,0.75925,106.3526471,1.10635795,2077.442394
8002600,371066.814,4888695.619,-94.61195575,44.14008857,U,0,7,1794.96648,8.394210526,0.786817528,526.5789474,0.136833333,33.97333333,2.3392359,1996.794576
8004500,361851.7715,4907456.409,-94.73205886,44.30723449,U,0,6.096,240.8197753,8.595,1.580006386,452.125,0.091444444,53.35,3.3117961,2045.665033
9004100,518606.6317,5143831.586,-92.7577428,46.44779979,U,0,5.1816,279.2399355,7.304615385,1.354806914,94.975,0.0365,12,9.97475955,1673.279216
10000200,458766.2128,4964838.5,-93.52168161,44.83576415,1,1,14.6304,296.2114311,7.830779221,2.220684103,554.7828326,0.16676087,24.14478776,1.84228715,1949.313349
10000600,458129.278,4969419.185,-93.53011783,44.87696132,1,1,8.5344,245.0978504,7.895973154,1.534992195,486.4026846,0.178396825,35.64884,0.83670865,1913.247754
10000700,455808.8316,4969527.077,-93.55950465,44.87779239,1,1,6.4008,87.53353386,7.602941176,1.438565401,519.7271028,0.240274194,27.35489333,2.8265228,1954.503531
10001100,450798.73,4969235.101,-93.62290566,44.87483577,U,0,15.8,19.54589627,7.324,2.675242718,501.6,0.021578947,5.139186364,3.28430795,1960.653676
10001200,455777.7334,4968803.557,-93.55983521,44.87127755,1,1,12.4968,115.7390345,7.757166667,2.898924675,446.9431894,0.201142857,9.170714286,2.08447675,1945.276683
10001300,457234.7434,4966615.391,-93.54120634,44.85166917,1,1,4.8768,88.3373631,8.121505376,1.457567917,643.5967033,0.186375,45.40274359,1.11130335,1978.023845
10001800,448964.4579,4969387.824,-93.64614213,44.87608149,1,1,14.9352,106.3680505,7.606666667,1.780411765,504.7508532,0.284438596,19.9404,2.65170455,1894.249261
10001900,449417.4961,4965063.183,-93.63997539,44.83718515,1,1,19.812,166.4574833,8.123797468,2.168862253,380.7371795,0.058854839,13.75478571,1.9442584,1871.011767
10004200,442272.4131,4970141.587,-93.73094705,44.88235564,1,1,5.1816,257.9194113,8.253715596,1.067381643,339.7155963,0.11686747,91.5826087,1.3686746,1880.471295
10004300,443758.2643,4968752.578,-93.71198046,44.86997144,1,1,2,146.4453423,7.841076923,1.208,395.4482759,0.09208,75.76222222,2.882043225,1860.076248
10004401,445173.1132,4968516.596,-93.69404528,44.86795751,U,1,25.6032,144.1238524,7.617698962,2.742178218,347.6835131,0.079427273,13.42805556,2.42654545,1879.986307
10004402,446245.3759,4968215.903,-93.68044075,44.8653325,U,1,10.0584,146.4322824,7.785925926,1.603873874,379.8510638,0.0945,39.54285714,1.80211615,1950.269331
10004500,447920.1069,4968362.151,-93.659258,44.86677329,1,1,10.9728,165.8790433,7.888275862,2.200882353,437.2391045,0.050107273,16.48115385,0.3570394,1909.115648
10004600,447318.7177,4967151.333,-93.66674441,44.85582987,U,0,16.4,16.00631177,7.554516129,2.126315789,528.4242424,0.104,25.63777778,3.3964706,1911.345821
10004700,446838.2232,4967089.288,-93.67281872,44.85523571,1,1,10,19.6904205,7.602702703,1.989560976,282.8809524,0.0344,17,1.1161607,1947.542487
10004800,446667.9857,4965550.873,-93.67481139,44.84137489,1,1,12.192,169.6789399,7.698355091,1.275933409,379.4490862,0.2924375,56.8037037,3.64364715,1894.292455
10005000,445592.5075,4966694.252,-93.68854108,44.85158582,U,0,4.5,43.93748095,8.105789474,2.295625,234.0555556,0.032166667,4.8,1.1786881,1918.020951
10005100,443342.2151,4966526.643,-93.71699821,44.84990186,U,0,11.2,40.44622861,7.674090909,1.374666667,405.5853659,0.065333333,47.66363636,2.60992975,1950.319415
10005200,441004.181,4965322.65,-93.74644335,44.83887465,1,1,10.3632,92.42099343,7.7275,1.690663725,453.1283333,0.212857143,39.67753182,2.76214385,1865.379529
10005300,444817.3462,4964659.238,-93.69812895,44.83320807,1,1,12.192,266.9114766,8.104895833,2.575627976,346.5559322,0.054163636,9.777419355,0.1683753,1848.768998
10005600,446398.2862,4970816.85,-93.67878051,44.88875641,1,1,8.7,100.4979211,7.537765957,2.66085913,368.5821596,0.043926087,13.56352941,2.4036449,1886.826046
10005800,439049.5985,4952405.534,-93.76962514,44.72243745,U,0,1.0058,130.6853592,9.57,0.665,268,0.260818182,380,0.3796044,1923.977585
10008400,436404.8982,4966513.274,-93.80477936,44.84919664,1,1,7.0104,96.70111027,8.509857143,1.625412903,390.4981818,0.051857143,23.06673793,1.408579,1961.41923
10008800,430824.8051,4962821.211,-93.8748831,44.81544445,1,1,5.1816,222.192071,8.608552632,1.483132222,438.6112903,0.176150943,55.73013889,3.79256965,1985.111832
10008900,433543.5849,4970792.067,-93.84154575,44.88744987,U,0,3.048,302.1603194,8.749302326,0.55542623,387.1,0.143522727,95.065425,1.9550274,1952.251123
10009500,435332.1947,4975508.943,-93.81950183,44.93007182,1,1,3.11,432.8268061,8.205862069,0.656095041,288.3384615,0.3366,100.6106857,2.89691975,1880.382957
10012100,426089.4332,4962103.69,-93.93466099,44.80851156,1,1,4.2672,183.2224942,8.9215,1.13098961,437.9211538,0.27523913,71.81404762,0.65765915,2008.214894
10021700,452122.0698,4964493.94,-93.60570511,44.83224762,1,1,6.7056,17.51242984,8.547391304,0.502546584,475.7869565,0.171863636,73.14087097,3.45,2048.07343
10021800,452183.4779,4963730.543,-93.6048564,44.82537987,1,1,5.4864,20.18245251,8.3603125,0.952101064,554.338,0.138151515,54.65286486,3.766,2026.994016
11005300,429152.8494,5185736.08,-93.92879781,46.82140057,U,0,21.336,224.907113,7.499354839,2.843508772,227.8928571,0.022076923,4.688571429,5.84624685,1582.766385
11005900,424640.5596,5191221.724,-93.98885008,46.8702633,1,1,31.6992,1590.200343,7.510245902,3.907021424,152.5104603,0.013442623,4.580746269,2.601324716,1534.217384
11006200,425872.1458,5200393.152,-93.97418615,46.95292262,U,0,24.384,1346.878974,8.28,4.968007242,258.96,0.012074074,3.832068966,1.18305545,1499.47139
11007300,429010.4092,5204897.821,-93.9336541,46.99379733,U,0,1,2030.035448,7.67,0.812307692,234.6666667,0.022333333,1.47,3.023242,1519.91908
11010400,422938.2594,5203867.377,-94.01332739,46.9838471,U,0,1.486765259,1255.473516,8.044,1.079230769,146.5,0.0205,5.09,4.8480802,1493.561427
11014700,409709.2635,5254913.136,-94.19754193,47.44140779,0,0,21.336,56471.62721,8.314090909,3.323991379,285.15,0.022453571,6.811818182,1.4508052,1487.390055
11016700,409424.6313,5199545.538,-94.19012645,46.9432538,U,0,21.336,1451.676578,7.818630137,3.191018981,264.1041667,0.019454545,7.912,1.40800175,1519.016604
11017400,406494.4613,5204100.535,-94.22955757,46.98382732,1,1,25.2984,428.1789173,8.117391304,4.401081928,244.676087,0.015307692,4,0.7793561,1528.819924
11019000,408541.7348,5213440.252,-94.2045319,47.06814016,1,1,2.689966612,697.6716765,8.738333333,2.322061538,80.66666667,0.015333333,2.99,1.4659792,1422.483238
11020000,403512.1215,5196249.297,-94.26709613,46.91276479,U,0,13.4112,524.577899,7.881960784,4.921193129,156.3981132,0.013545455,4.251666667,0.50905165,1534.460162
11021800,396864.3148,5153469.615,-94.3447741,46.52688914,0,0,16.1544,421.8331236,7.728333333,2.835809855,246.8333333,0.062833333,12.1,3.24955925,1604.081339
11023400,397861.0263,5191770.613,-94.34028277,46.87162716,U,0,18.288,388.0466492,8.012553191,6.1159356,146.3913043,0.009,1.58375,0.1229732,1523.656433
11023700,393886.1324,5191728.222,-94.3924166,46.8706233,U,0,31.6992,129.0241773,7.790697674,3.961708696,269.8928571,0.018333333,1.833333333,0.26342805,1570.668954
11025000,397137.7355,5187141.989,-94.34872822,46.82987423,U,0,18.288,963.3163448,7.81345679,4.09606313,185.66,0.0113125,3.808,0.4705755,1528.044719
11027900,398004.8505,5195071.385,-94.33913495,46.90134458,U,0,16.2,149.1735079,7.882916667,6.421641015,76.82653061,0.0072,1.571428571,0.50255565,1482.929443
11030700,393236.2656,5177062.135,-94.3975198,46.7385775,U,0,3.9624,514.8903014,8.331333333,2.367595902,231.5333333,0.0366,9.78875,2.676222,1494.785034
11038300,387835.5015,5196781.504,-94.47303078,46.91508928,U,0,21.336,1099.175659,7.933972603,4.902465546,207.8953846,0.013615385,3.908823529,0.25469075,1470.814319
11041100,383053.083,5186711.059,-94.53323215,46.82367299,U,0,23.4696,1617.316358,7.908527132,2.966050256,280.9948148,0.022166667,10.212,0.9288943,1537.114792
11041200,382393.5287,5199484.23,-94.54517214,46.93846024,U,0,13.716,1267.197917,8.215428571,4.136665089,208.0078947,0.022210526,3.441176471,0.45006415,1446.567519
11048800,382854.0317,5238706.799,-94.54933313,47.29136088,U,0,16.764,554.5226649,8.705,3.755272727,262.0666667,0.011,2.5,0.0809841,1441.793331
13002700,513928.7285,5025024.402,-92.82209831,45.37859594,1,1,32.004,909.6981972,7.374078431,1.617435219,208.9229323,0.100771429,27.25769231,3.372053575,1802.740634
13002800,511252.3632,5025541.195,-92.8562697,45.38329588,1,1,10.0584,454.6792511,8.022758621,2.58152,198.6071429,0.037714286,27.2755,0.12519675,1872.764403
13003201,513332.6664,5028194.395,-92.82962563,45.4071415,U,1,12.192,749.2601929,7.907169811,1.28209097,203.1672727,0.058310345,46.09032258,0.718612,1825.165453
13003300,516167.516,5028935.007,-92.7933758,45.41374813,U,0,6.7056,168.1990766,7.216923077,1.111678498,127.6666667,0.129076923,2230.836364,4.5060825,1921.314581
13005300,504118.6705,5018585.514,-92.94744871,45.32076356,1,1,14.0208,217.8226056,7.929583333,1.676807066,453.1611111,0.049132075,15.11542609,3.2711243,1879.214588
13006800,497323.9996,5047449.589,-93.03430098,45.58058221,1,1,14.6304,318.8215402,8.04,3.227443721,258.5055556,0.058416667,7.72125,2.9310976,1724.65319
13007300,495823.6018,5048703.764,-93.05354381,45.59186364,U,0,15.8496,224.0379654,7.134285714,1.939596066,321.4285714,0.112384615,18.96666667,3.62454795,1773.07962
14000400,257177.065,5211347.049,-96.19473726,47.0110548,0,0,3.6576,248.4787936,9.432222222,3.137236364,407.25,0.026,1.71,0.80474025,1682.882735
15001000,331962.3582,5228594.724,-95.2181686,47.18936522,U,0,29.5656,303.433636,7.7627,3.689214213,304.3548387,0.076380952,3.8025,0.19801315,1409.226717
15005900,326860.2825,5251562.828,-95.29438262,47.39455059,U,0,3.9,1526.721168,8.265,2.004583333,243,0.0214,9.25,2.49837755,1404.697837
15007900,325070.6003,5249583.522,-95.31729851,47.37627811,U,0,4.8,230.0244391,8.320434783,2.209338182,270.3684211,0.031333333,14.18333333,0.9479956,1432.979433
15014900,310451.7864,5285336.16,-95.52616802,47.69358968,U,0,4.2672,1236.176959,8.569090909,2.372493333,347.2857143,0.02325,11.86666667,1.968040625,1443.765609
16008900,706365.3277,5309369.013,-90.23853134,47.90442453,U,0,3.4,378.1036388,6.6225,1.32809,38.43333333,0.02,0.74,2.72834225,1109.684457
16036900,668409.1193,5290838.565,-90.75319474,47.74891515,U,0,3.048,346.1401889,7.564285714,1.787671429,48.88571429,0.019,7.5,4.86631165,1306.307702
16037300,670266.5941,5289495.245,-90.72895913,47.73635036,U,0,1.8,183.70404,7.541428571,1.610909091,54.5,0.0185,2.485,4.58181555,1326.107987
16038400,672949.5583,5299063.474,-90.68939282,47.82165736,U,0,4.572,355.087868,7.246666667,2.315063333,40.63529412,0.010818182,2.888333333,5.44671635,1292.645534
16063900,652396.5611,5283897.15,-90.96910601,47.69048074,U,0,4.572,592.9530482,7.874444444,1.611104,49.9125,0.039,3.36,6.5289991,1332.394939
16064500,653497.7843,5287170.207,-90.95328807,47.71965115,U,0,3.048,369.4883404,6.873333333,1.115148571,34.55555556,0.023666667,11.32,7.0320513,1393.373308
17000300,343649.8708,4867941.671,-94.94841676,43.94799092,U,0,2.1336,229.5186814,8.51875,0.866708372,569.5714286,0.088166667,44.6,1.1271233,1859.464996
17006000,302969.2819,4861231.41,-95.45247957,43.87786487,U,0,2.1336,873.0577788,8.68,0.21349869,695.1428571,0.39,183,4.167655967,1905.61455
18001800,432912.5249,5120578.576,-93.87010128,46.23547283,U,0,12.4968,533.592909,7.958139535,2.613760889,252.6486486,0.069666667,10.46666667,3.05263955,1649.844826
18002000,434185.1998,5128276.515,-93.85467314,46.30487035,U,0,25.2984,1011.389538,7.557142857,3.161960811,237.2666667,0.016142857,5.875,2.7103932,1624.061421
18003400,434226.7928,5137763.416,-93.85546391,46.39024504,1,1,21.336,2329.89688,7.646285714,4.390224726,188.7489209,0.031666667,4.845833333,1.00572125,1542.193125
18003800,429742.1407,5138255.585,-93.91385912,46.39422268,1,1,16.1544,905.4897845,7.966923077,3.76381106,221.0692308,0.0435,4.831428571,1.5405213,1558.802892
18004400,430599.9309,5134093.648,-93.90208612,46.35685955,1,1,13.4,164.7192286,8.020833333,4.322330435,187.5,0.014307692,3.863636364,1.4900582,1593.177951
18005000,429600.3497,5133574.872,-93.91499943,46.35208805,1,1,10.9728,286.8357177,8.0075,3.815045685,197.3333333,0.013846154,5.345454545,2.09639275,1593.177951
18008800,428726.4569,5112685.585,-93.92319572,46.16401887,U,0,6.7056,1663.430075,8.567058824,1.656611888,137.125,0.041571429,20.26341463,2.4620469,1610.27787
18009000,429052.0004,5147848.052,-93.92429319,46.48046824,0,0,18.5928,1116.342946,7.882112676,4.58411866,305.6397059,0.012333333,5.210526316,0.89037375,1573.683335
18009600,420107.439,5129044.926,-94.03759028,46.3102723,1,1,14.0208,804.3168301,7.94,2.19342385,232.3333333,0.037315789,10.81277778,2.4180993,1633.685604
18015500,396860.5498,5121111.765,-94.3376927,46.23575619,U,0,7.62,378.9354207,8.019615385,1.747847276,231.9565217,0.044866667,28.63090909,0.99670425,1712.662161
18017000,432442.3586,5165589.55,-93.88271535,46.64046157,U,0,6.096,259.2317576,7.171666667,1.52,111.5714286,0.039,22.66666667,4.1351604,1595.82226
18018000,436442.9433,5176574.657,-93.83196558,46.73970023,U,0,3.034760884,301.6282485,9.125,0.747272727,62.95,0.061,69.5,7.77510745,1617.971278
18018400,431354.0685,5168309.728,-93.89733808,46.66482771,U,0,19.2024,239.9906157,7.078571429,5.03845314,60.32258065,0.012818182,3.282666667,1.40834805,1522.426313
18018500,430006.1245,5176629.105,-93.91622171,46.73954663,1,1,10.0584,412.6443411,7.2525,1.724035714,110.297619,0.030333333,7.14375,11.65940775,1623.38903
18020300,427718.5976,5175046.162,-93.94591232,46.72505974,1,1,3.6576,720.7280742,7.836190476,1.592363842,126.35625,0.064388889,18.804375,3.4127412,1613.988072
18021200,427186.2071,5177734.199,-93.95330467,46.74918871,1,1,11.5824,599.1974501,7.9656,5.241206504,130.1,0.018,3.456923077,0.2097222,1528.146373
18024200,417711.3332,5156192.006,-94.07348974,46.55425747,1,1,10.668,881.5773583,8.306896552,3.342362483,199.52,0.0318,14.30625,0.6592012,1584.272054
18024300,415630.3528,5153837.506,-94.10020384,46.53281414,1,1,7.9248,732.1999191,8.183333333,2.883679918,227.805,0.0372,25.20714286,1.0413289,1587.39332
18026600,418310.1492,5172750.725,-94.06860779,46.70332233,0,0,9.144,329.8621289,7.674851485,2.830850413,246.5970149,0.040923077,6.581428571,2.50833195,1542.807051
18026900,413376.0051,5173541.482,-94.1332891,46.70981624,0,0,21.336,232.3991348,7.710091743,4.353151648,227.4667213,0.012714286,3.315555556,0.9163865,1542.807051
18027100,416416.5685,5171244.969,-94.09310024,46.68954016,0,0,7.62,258.2746263,7.811973684,2.651096154,251.3023256,0.029238095,9.092941176,2.4194628,1542.807051
18028700,419324.466,5165666.804,-94.05410145,46.63970607,U,0,10.668,354.3814073,7.615185185,2.610228571,180.56,0.021,8.14,1.97340805,1622.12545
18031000,406667.6424,5171605.624,-94.22064137,46.6914962,0,0,41.4528,7714.192816,7.857103757,3.298685712,226.7295858,0.027,5.051333333,1.3047676,1542.807051
18031200,413544.6229,5168506.174,-94.13013814,46.66453286,0,0,24.384,1815.002496,7.793491379,4.013248,220.744,0.014875,3.677,1.8193612,1542.807051
18031500,411377.8286,5174447.122,-94.15960009,46.71770276,0,0,36.576,1366.292583,8.0091133,4.341953271,221.5320755,0.009705882,3.84,0.0106061,1542.807051
18035400,409402.1046,5169843.269,-94.18454012,46.67601558,0,0,16.764,195.7818182,7.8098125,3.917602469,221.7569767,0.0185625,3.159473684,0.73649875,1542.807051
18035500,404105.3968,5168563.586,-94.25351028,46.6637643,0,0,21.336,336.8669256,7.827983871,3.668894382,218.1702128,0.0144375,3.038823529,0.9151513,1542.807051
18035600,405896.6554,5168926.827,-94.2301751,46.66728656,0,0,12.192,211.0631319,7.916831776,4.320764835,201.3333333,0.015,4.386470588,1.44389135,1542.807051
18036100,408079.8431,5167323.115,-94.20132198,46.6531607,1,1,23.1648,189.7788028,7.407177419,4.896706667,195.3181818,0.0120625,2.704375,0.11220915,1559.1474
18037300,401478.3842,5145709.807,-94.28298444,46.45776319,0,0,15.24,1650.114575,8.218333333,3.27244882,260.5833333,0.025105263,8.194117647,0.98788275,1622.799775
18037600,403693.6721,5157743.837,-94.25663674,46.56635777,U,0,12.192,434.5594556,7.78,2.936968421,261.75,0.025625,14.185,0.99461135,1572.575011
18037700,403254.0578,5156211.881,-94.26205188,46.55251119,0,0,13.716,396.6542483,7.633333333,3.858911184,260.75,0.020034483,4.867894737,0.80841715,1574.692158
18037800,401702.74,5169204.288,-94.28504587,46.66918037,0,0,30.48,700.2136605,7.830348259,4.492374026,211.2105263,0.013466667,3.1625,1.31207365,1542.807051
18037900,400900.5526,5134064.359,-94.2880384,46.35289954,1,1,7.62,415.0604842,8.0125,3.421818993,136.3333333,0.038833333,6.4,0.46201615,1580.058041
18038600,400979.9976,5136507.154,-94.2875224,46.3748902,U,0,4.572,521.3778266,8.925,3.187945882,147.75,0.028888889,3.670833333,1.53533585,1444.894943
18040300,401033.4555,5154735.225,-94.29069728,46.53890221,0,0,11.5824,559.9771881,7.772727273,3.905236379,210.5,0.017758621,5.545833333,0.4675216,1574.692158
19002500,480060.3091,4952596.85,-93.25179752,44.72647542,1,1,3.042,54.58101147,8.6575,1.146863469,401.0767619,0.089078125,63.71176471,2.45426085,1969.850772
19002700,478881.7585,4952116.996,-93.2666602,44.72212186,1,1,10.9728,293.2396394,7.9276,1.98214527,481.948,0.106781579,21.7468551,0.9698449,1854.070886
19003100,475483.6171,4949787.6,-93.30945621,44.70104381,1,1,9.7536,237.9282725,7.996764706,2.571705112,596.1875,0.077942308,13.04665676,1.3078313,1857.071948
19005000,492277.0994,4969128.431,-93.09777587,44.87553242,U,0,9.4488,46.28062948,7.621666667,2.117407407,241.7423077,0.080219512,30.58614074,0.5829114,1956.60566
19005700,487029.5739,4963190.544,-93.1640602,44.82200259,1,1,10.0584,30.55146168,8.065839416,1.955112195,562.6307018,0.28340082,17.67142857,2.81166665,2001.252633
19005900,485624.2613,4962887.159,-93.18182704,44.81924455,1,1,3.2004,39.85269316,8.381515152,1.66660098,359.2142857,0.055381818,16.08933333,1.71074505,2006.892993
19006700,486424.05,4960026.729,-93.17163483,44.79351007,1,1,1.9812,41.49380348,8.275,1.391927737,382.7,0.06424,45.11666667,2.74079255,2021.672316
19007200,488700.4561,4958560.615,-93.14282277,44.78035139,1,1,2.5,32.97595859,8.64,1.874242424,149,0.027625,3.82,3.99036615,1961.329918
19007500,489816.4206,4959014.433,-93.12872643,44.78445354,1,1,4.572,13.15460403,8.446666667,2.439264706,248.3333333,0.0268,38.908,1.9121528,1985.341907
19007600,489828.5119,4959429.509,-93.12858189,44.78819033,1,1,2.5908,18.08117468,8.496,1.840947778,250.6666667,0.0433,16.175,3.2345588,2000.248744
21005200,319448.2347,5085481.879,-95.32753287,45.89919642,0,0,18.8976,639.8113619,8.143076923,3.302962543,364.8333333,0.028553571,6.187017544,0.4992017,1594.973722
21005400,318736.5117,5082842.145,-95.33570444,45.87527002,1,1,17.9832,416.8069851,8.36,3.321019827,399.6666667,0.027795455,7.69,0.8424229,1687.042605
21005600,317887.6703,5088803.493,-95.34889399,45.928656,1,1,25.6032,1800.960866,8.454117647,3.545205446,545.25,0.032266667,7.269074074,0.282112525,1596.844232
21013600,308344.7202,5099831.598,-95.47628518,46.02522522,1,1,10.3632,98.96257118,7.907272727,2.418737778,244.7272727,0.222,21,0.48733825,1695.681003
21032300,292646.5587,5090806.243,-95.67498426,45.9395099,U,0,1.8288,300.1173363,9.412,0.447142857,533.3333333,0.179,83.6,0.9521874,1773.286482
22002300,435218.7902,4836599.332,-93.80369273,43.67958036,U,0,1,719.1003097,8.95,0.28,402,0.2205,83.6,1.237966,2028.610687
22007400,413207.5862,4852371.912,-94.0792766,43.8193241,1,1,5.7912,199.1819026,8.500769231,1.068496063,338.4933333,0.086555556,74.5,0.46566415,2027.114011
24001400,474747.9541,4830854.397,-93.31302759,43.63024949,U,0,1.524,2669.175717,8.953448276,0.432153889,383.8815789,0.298805556,141.7293333,1.514948634,1905.778645
24002500,467122.2397,4830865.651,-93.40755553,43.6300529,U,0,1.5,587.5780277,9.383,0.362507541,263.95,0.276333333,148.4833333,0.7434742,1927.679335
24002800,459546.8393,4821721,-93.50077453,43.54734281,U,0,1,1033.149669,8.285,0.297864078,354.5333333,0.257733333,115.7066667,0.83393405,1967.1288
24004400,454410.7188,4843590.554,-93.56619877,43.74395206,U,0,1,2034.061138,9.213333333,0.166933333,256.6,0.23675,213.12,2.389139225,2010.935807
27001400,479718.8188,4976527.898,-93.25706576,44.94189549,1,1,6.096,11.37983966,7.434447301,0.971640764,534.4384196,0.23913245,48.32287273,3.19166665,2007.371764
27001600,475926.2825,4974312.964,-93.3050303,44.92183855,1,1,26.2128,341.2231108,7.660746826,3.357442975,592.8764473,0.10867655,5.002459016,0.9329231,1900.196834
27001800,481364.3643,4974205.996,-93.23612285,44.92103887,1,1,9.4488,52.93027622,7.602857143,1.475342122,539.822409,0.106807018,20.08083929,4.6735417,1970.349986
27001900,480883.9376,4972829.157,-93.24215798,44.90863184,1,1,9.7536,201.2367719,7.886897321,1.316197023,465.2542725,0.070813609,30.73574074,3.0498623,1997.253616
27002200,478733.0637,4971920.242,-93.26936627,44.90038879,U,0,1,51.70972589,7.455254237,0.646290323,480.3727273,0.160586957,42.49571429,3.28055885,1929.366146
27002900,472554.9237,4968393.863,-93.34742598,44.86843315,1,1,1,18.04456853,7.85,0.431818182,527.6,0.134,59.8,4.046875,2134.868468
27003100,475395.1173,4976539.934,-93.3118689,44.94186734,1,1,27.432,423.8595781,7.653094435,3.894768047,668.5784229,0.083285714,6.09962963,0.9196722,1888.743312
27003501,473325.2551,4982263.415,-93.33840694,44.99331443,U,0,7.62,67.63810756,7.565403226,1.331635556,1088.854762,0.162148077,18.70059107,1.84479165,1993.47325
27003502,473511.8638,4982112.826,-93.33603166,44.99196585,U,0,7.6,20.90884661,7.766315789,3.117857143,782.6888889,0.0405,3.688272727,3.14488635,1913.314229
27003700,474491.7917,4980985.527,-93.32354329,44.98185403,1,1,7.3152,39.97496309,7.690246407,2.136626812,839.5221258,0.306916168,23.334625,2.07404785,1926.636474
27003900,474634.7607,4978543.587,-93.32160704,44.95987722,1,1,15.24,163.7926791,7.706428571,2.385199375,633.2895619,0.083384058,11.10343103,1.35434235,1940.610345
27004700,469736.6942,4964913.818,-93.38289342,44.83699183,1,1,8.2296,170.9707176,8.306530612,3.035027778,304.7021277,0.0413,6.173889286,1.0773239,1941.177037
27004800,470886.7537,4963220.205,-93.36824601,44.82179376,U,0,3.3528,83.91462014,8.3990625,1.323135,297.7866197,0.110583333,73.381,1.93613155,1978.035735
27006100,469048.0028,5003325.429,-93.3939699,45.18273207,U,0,3.3528,37.21781175,7.424259259,1.75652,541.1666667,0.32398,8.658823529,3.44166665,1968.83936
27006900,461179.8475,4969570.841,-93.49150821,44.87849924,U,0,2.5,44.88920155,8.971463415,2.113559322,320.035,0.044047619,11.16914444,0.328426575,1902.672593
27007000,460770.4842,4967261.896,-93.49651231,44.85769217,1,1,5.1816,113.9254011,8.061142857,1.708861489,541.0571429,0.119774194,36.07101,2.482206575,2004.3226
27007100,461076.5578,4968472.695,-93.49273157,44.86860832,1,1,11.2776,30.73503423,7.231578947,5.115182524,339.8153846,0.250392857,14.09285714,3.03402565,2000.39145
27007600,462432.439,4966108.018,-93.47539289,44.84739464,U,0,4.572,96.91368327,7.797282609,1.895910053,538.4305263,0.340470588,29.01854,1.62562335,2016.2772
27007800,464051.5632,4964993.522,-93.45482565,44.83744551,1,1,4.8768,167.1396003,8.426632653,0.83356175,477.7969072,0.119509434,65.82857143,1.4007796,2067.807035
27009800,465885.2662,4989149.605,-93.43325864,45.0549827,1,1,9.144,182.4669818,7.91859375,1.528961814,570.7946154,0.176437879,60.19110345,0.60293615,1932.080842
27010200,465898.2701,4987509.229,-93.43298209,45.04021733,1,1,7.9248,44.66139064,8.231104294,2.160246154,370.9316456,0.179827273,15.22210526,1.47335795,1921.010219
27010400,466900.027,4983747.102,-93.42001565,45.0063995,1,1,14.3256,924.3679962,7.777520107,1.794937626,642.7602757,0.186450877,36.7219901,0.84579565,1894.288384
27011101,467476.214,4991303.386,-93.41319372,45.07444502,U,1,10.668,296.2001406,7.825867347,1.996732921,603.0938967,0.090880769,31.598,1.46350165,1922.580449
27011102,466995.1951,4990376.854,-93.41924361,45.0660825,U,1,6.4008,56.66567453,7.594270833,1.193841667,789.3339623,0.199508824,52.28578947,3.9292139,1957.737171
27011700,460555.5178,4995288.768,-93.50142744,45.10996725,1,1,17.0688,152.0909324,7.729666667,2.827128125,444.6988016,0.156822642,15.33104167,2.4581082,1832.538382
27011800,463526.1034,4993273.079,-93.46351912,45.09198263,1,1,18.5928,237.726142,7.59507177,1.629018901,490.4479199,0.165269,27.49181818,1.07423755,1936.736565
27011900,465291.521,4992369.64,-93.44102186,45.08393915,U,0,2.1336,84.05749205,7.774705882,0.522298578,402.7181818,0.162571429,105.1416667,1.6434998,2035.772747
27013301,461073.933,4977962.432,-93.49349529,44.95403226,U,1,8.8392,187.8495713,8.216900585,3.488418079,420.7336957,0.02554717,4.734736842,0.5039666,1844.111015
27013303,458150.0187,4974879.752,-93.53030694,44.92611691,U,1,9.144,114.6126854,8.136803279,3.556056338,429.9926471,0.02972549,5.735882353,1.1335341,1844.111015
27013304,456389.7931,4972800.373,-93.55243145,44.90729334,U,1,11.5824,166.1808907,8.018226415,3.756381579,409.7421603,0.066225352,5.185555556,0.836807,1844.111015
27013600,457807.3325,4971438.802,-93.53436204,44.89512235,U,0,3.5,25.40744184,7.972325581,0.820547945,412.459375,0.128787879,65.975,3.23751045,2082.167574
27014100,455672.4016,4978808.145,-93.56204583,44.96132857,1,1,6.096,53.47596069,7.811941748,1.151054217,482.8849558,0.195,81.85925926,1.4456238,1986.027706
27015700,454890.1517,4983713.633,-93.57240302,45.0054361,U,0,7.9248,39.7336534,7.713333333,0.732941176,559,0.117888889,56.11666667,4.33015875,1966.543703
27016000,456036.4519,4981877.481,-93.55769785,44.98897994,1,1,10.668,284.9933453,7.722938596,1.227880588,510.4267782,0.42795122,41.47115385,1.14826765,1929.371581
27017600,448815.4909,4986499.159,-93.6497638,45.03009717,1,1,17.9832,832.0218934,7.688873039,1.810116312,369.4155963,0.233899231,31.7952,2.0648014,1823.3725
27018100,446298.9464,4976966.187,-93.6806916,44.94410172,1,1,12.8016,175.4459692,7.612738095,1.300968302,410.0390625,0.458513514,46.89411765,1.70799005,1914.424068
27018200,446751.4773,4975741.181,-93.67482673,44.93310899,1,1,11.2776,143.342684,7.838727273,0.788846154,449.0903955,0.370138889,54.94,0.4952311,1958.50636
27018600,441467.0802,4971497.597,-93.7413001,44.89449585,U,1,1.5,93.23164417,8.385416667,0.47754386,353.9,0.1905,99.17777778,3.2951494,2008.840799
27018800,442915.8451,4987214.079,-93.72473262,45.03608164,U,0,1.761,235.0881187,8.23,0.478076923,357.6363636,0.25995,115.425,3.0967844,1887.876597
27019101,445668.572,4990708.434,-93.69016518,45.06775142,U,1,17.4,352.7175963,7.6484375,1.542739044,427.2375867,0.282181915,59.90214286,1.8306529,1848.416634
27019102,447556.8013,4989703.924,-93.66607589,45.05885204,U,1,17.4,204.5183723,7.451666667,1.297797101,422.3709677,0.359661538,44.675,1.6206607,1848.416634
27019200,441575.5256,4990431.648,-93.74212217,45.06493403,1,1,8.8392,263.2767548,7.86295082,1.729205602,333.8449438,0.129330526,37.99,1.0744331,1874.698924
27068300,480274.036,4971094.337,-93.24981637,44.89299835,U,0,13.716,13.55377872,7.417,1.4024,497.3333333,0.236428571,21.82857143,4.38055555,1990.651652
27071100,469335.8538,4979676.276,-93.38885959,44.96986448,U,0,1.7,42.93071437,8.473333333,1.306716418,416,0.045,12.608024,1.83088615,1894.941427
27073400,466418.1019,4979524.679,-93.42584925,44.96836787,U,0,1.1,39.1529,8.565,1.041111111,1090.5,0.03775,7.564,1.82039215,1861.883079
29002500,365394.731,5204181.422,-94.76980163,46.97747805,U,0,19.812,232.4033152,7.773333333,3.295625,285.6163265,0.026588235,7.796,0.1837523,1512.336142
29004500,366550.0103,5205435.954,-94.75498859,46.98899574,U,0,12.192,175.2069383,8.008947368,3.151978182,334.1,0.041875,3.5475,0.16756905,1476.139033
29007500,366686.8893,5224841.821,-94.75892535,47.16356766,U,0,40.2336,2433.396106,8.543333333,3.980273574,293.3333333,0.012827586,2.877826087,0.15670965,1408.999773
29009300,358083.3179,5198956.483,-94.86424873,46.92895876,U,0,10.668,345.6349048,7.899333333,2.670647368,173.1083333,0.026521739,10.21625,1.18449945,1503.4315
29010103,357213.3235,5210928.864,-94.8794421,47.03645118,U,0,14.9352,269.6679322,8.273333333,4.960642105,226.0833333,0.021333333,1.755,0.1249568,1384.316608
29013000,360455.1879,5224657.8,-94.84104627,47.16062098,U,0,15.5448,35.80040989,7.924444444,5.750516364,85.756,0.01,1.68,1.47340455,1451.460861
29015700,345319.7333,5185858.651,-95.02736886,46.80831366,0,0,7,212.5015822,7.756666667,2.05166875,312,0.031818182,5.254,1.74136065,1486.695985
29016100,347737.1587,5194997.873,-94.99875189,46.89106421,0,0,39.0144,1926.114318,8.41,3.074604975,268.3333333,0.012222222,4.662916667,0.02462415,1453.842016
29021700,348823.5182,5228178.639,-94.99560008,47.18971567,U,0,1,239.753216,9.03,1.8,194.3333333,0.016,3.08,0.2860668,1387.056971
29024100,349713.6153,5245479.257,-94.98968176,47.34550283,U,0,4.8768,204.9263604,8.198888889,2.753745455,332.2,0.038,11.9,2.0943348,1435.362541
29025000,338695.4017,5203542.845,-95.12039383,46.96577351,U,0,4.2672,428.7166208,8.330322581,1.53748288,292.5764706,0.047233333,20.86516129,0.8218046,1562.214094
29030900,336301.737,5244849.983,-95.16688834,47.33662567,U,0,64.9224,237.8983904,7.861724138,2.791125,363.4740741,0.01175,9.15,0.42287155,1436.932833
30000900,493232.0582,5028964.684,-93.08649634,45.41416939,U,0,1.524,298.1597176,9.0124,0.273448925,208.0714286,0.279892857,120.5411765,3.98842665,1932.628367
30002200,488125.7097,5046730.016,-93.15218693,45.5740091,1,1,10.668,228.0634256,7.782857143,1.643534239,264.5,0.046875,22.4,3.1312536,1809.496913
30004300,485448.7306,5044651.955,-93.1864344,45.55525364,1,1,9.144,360.0077965,7.65,1.754300313,288.5,0.049,31.42625,2.67071905,1720.193455
30004400,481799.8202,5053622.779,-93.23351944,45.63591336,U,0,3.3528,145.9278724,8.276666667,1.0389,325.5714286,0.1375,61.2,4.13016945,1875.186287
30007200,473012.8948,5035701.332,-93.34527009,45.4743184,1,1,3.048,387.365787,8.75,0.650674965,176.6666667,0.118333333,57.76,1.4437462,1946.72527
30008000,474179.1928,5039191.81,-93.33053257,45.50578033,U,0,2.4384,269.4317168,9.07,0.342280422,174.125,0.504,363,1.64658105,1953.238347
30008300,476291.0688,5044683.191,-93.30376476,45.55528306,U,0,1.524,275.3932572,9,1.95,142.6666667,0.0125,1.85,3.845189775,1689.731049
30011400,462025.5171,5038711.519,-93.48607003,45.50090121,1,1,3,88.45487481,8.836363636,1.158189091,302.5833333,0.1695,35.15,2.98477535,1902.670321
30013800,463352.1049,5054196.138,-93.47025206,45.64034494,U,0,4.8768,410.8366017,8.665384615,1.48,270.1538462,0.127333333,85.8,1.156007,1851.530406
30014300,464501.5541,5055854.436,-93.45562423,45.6553304,U,0,3.048,156.826606,8.774615385,0.818181818,283.4615385,0.192,40.5,4.4962688,1886.412729
31019000,476043.1676,5239325.143,-93.3169353,47.30696056,1,1,12.2,238.7644366,7.841,3.937785366,328.03125,0.0945,3.951666667,2.18558975,1457.753901
31019100,475734.9307,5238414.911,-93.32096346,47.29875881,1,1,12.2,140.7759677,7.805151515,3.768225067,299.36875,0.08525,3.381666667,2.2097845,1457.753901
31037000,459656.0002,5233546.116,-93.53319783,47.25415674,1,1,10.3632,105.5998997,7.56,2.609725926,108.3333333,0.032098,10.37,4.63813175,1497.518414
31037200,460063.4624,5232616.422,-93.52772982,47.2458163,1,1,16.1544,38.96666076,7.632307692,4.188910112,178.0571429,0.0564375,2.965,2.4381851,1490.603493
31037300,458525.5407,5232579.362,-93.54804787,47.24538744,1,1,17.0688,130.3655334,7.920689655,4.792315862,251.1939394,0.056214286,3.788571429,1.21289215,1470.707515
31055400,449140.6203,5222846.492,-93.67094822,47.15715254,U,0,32.004,1209.972698,8.000925926,4.591886189,281.8113208,0.010428571,2.012,0.1181798,1410.264543
31057600,450645.7713,5240809.853,-93.65307635,47.31889792,U,0,22.86,2715.149836,8.12,4.317434312,230.75,0.040940909,6.048888889,1.8778654,1428.06178
31082400,427002.9179,5270350.243,-93.97076898,47.58245646,0,0,21.3,714.5568552,8.405,3.03,197.5,0.074266667,3.633333333,3.42646685,1445.017543
31082600,424231.5259,5274125.994,-94.00827169,47.6161069,0,0,21.3,3579.300477,8.022,3.239904189,213.94375,0.061733333,8.323333333,2.75863485,1445.017543
31092100,403240.0646,5272901.907,-94.28727567,47.60230072,U,0,8.5344,622.4190995,8.208333333,1.860244675,283.7142857,0.059714286,13.30875,3.2003927,1521.189956
31092800,397044.2697,5260943.002,-94.36687962,47.49377194,U,0,1.524,559.7163413,8.59125,1.056363636,147.2428571,0.03125,8.533333333,1.39556445,1525.6795
31093400,394654.1683,5277474.805,-94.40256698,47.64209584,U,0,3.048,324.6392778,8.106666667,1.131818182,169.5714286,0.06,35.30571429,5.94824655,1441.00753
32002000,330437.9296,4822561.825,-95.09863826,43.53674561,0,0,2.7432,707.6827167,8.566666667,0.522945161,449,0.331307692,211.1975,0.5887348,1888.246992
32004500,322845.3594,4845812.801,-95.20016801,43.74418215,U,0,1.766805678,457.3296828,8.816,0.402201905,462.75,0.215,119.1571429,1.27233535,1901.859889
32005300,322421.8307,4850450.315,-95.20695836,43.78580542,U,0,1.478,89.22924318,8.61,0.413571429,348.5,0.2306,126.5,0,1912.23905
32005702,318573.5347,4846494.339,-95.25341197,43.74928062,U,0,1.146,4874.020871,8.35,0.248571429,801,0.211,167.9,2.2161609,1914.158677
33000100,493455.6079,5109486.656,-93.08472989,46.1389247,U,0,3.6576,314.5339779,7.547272727,0.879058824,85.7,0.0486,35.98333333,4.30316555,1748.68781
33000900,485891.8121,5095686.201,-93.18224823,46.01460362,U,0,3.048,412.2003195,7.513333333,1.876699744,21.65,0.0275,6.197777778,3.9515359,1653.674861
33001500,486364.1991,5082708.805,-93.17577632,45.89781181,U,0,3.048,226.3792886,7.874375,0.747664348,147.1875,0.138916667,40.65,7.0424371,1741.916041
33002800,476827.2225,5091724.46,-93.29915023,45.97870035,1,1,4.2672,1259.242339,8.028571429,1.061242409,141.8388889,0.164888889,42.62380952,3.3726282,1754.529443
33003200,471588.5988,5066096.801,-93.36526359,45.74784473,U,0,14.3256,178.9956948,7.831304348,2.17827525,296.4166667,0.058909091,12.316,4.45353515,1827.057799
33003600,475123.2219,5075249.995,-93.32029393,45.83036463,U,0,2.7432,506.4074536,8.562727273,0.871509029,179.2142857,0.149166667,70.4,4.939691,1744.249808
33004000,468170.6092,5084680.848,-93.41043261,45.9149593,U,0,4.8768,653.492475,7.993529412,1.114772762,121.2888889,0.3718,43.17857143,4.84086875,1688.474116
34003200,359420.3805,4993686.854,-94.78623021,45.08267728,U,0,7.9,89.37029953,8.120357143,1.445903374,480.6666667,0.0206,5.66,0.48395,1834.358727
34006200,356269.3698,5014908.33,-94.8323628,45.27297489,1,1,3.6576,647.1177842,8.31,1.414248763,403.3,0.028708333,9.995833333,0.9371278,1666.933838
34007600,353179.2346,4993604.079,-94.86546588,45.08066499,U,0,2.4,791.0970348,8.295555556,0.659593655,521.1111111,0.267,31.542,2.45149105,1795.165383
34011500,344790.422,5009877.457,-94.97704753,45.2252754,U,0,2.5,148.8433607,8.777142857,1.364,350.6,0.048333333,8.2,1.3715844,1730.552886
34011600,343572.316,5010503.949,-94.99275129,45.2306418,1,1,17.0688,75.32252934,7.857575758,3.755335229,455.8235294,0.277,3.438,0.35455025,1759.261903
34011700,343655.7922,5009573.065,-94.99139598,45.222286,U,0,2.5,68.6679881,9.044375,1.632727273,372.7058824,0.0805,6.233333333,1.5218182,1732.208909
34011900,347375.7174,5008251.812,-94.94363692,45.21121565,1,1,11.8872,78.98581353,8.425,3.80675392,491.3333333,0.014818182,3.405454545,0.67173985,1702.110086
34018600,340668.6108,5002489.357,-95.0271565,45.15789153,U,0,1.5,229.1287061,8.649090909,0.3706,567,0.118666667,25,3.1117822,1851.251806
34019200,340163.6761,5007526.113,-95.03519094,45.20308779,U,0,4.572,1567.875065,8.76372093,1.970582917,650.5714286,0.099235294,20.83117647,0.73008685,1777.380185
34019600,340511.7303,5003815.869,-95.02957506,45.16978941,U,0,3.048,204.2564646,8.667619048,0.654225352,566.8636364,0.10375,29,1.14918435,1855.821658
34020400,337838.7254,5011143.133,-95.06595379,45.23509427,U,0,1,654.3163757,8.79,0.730909091,406.4,0.053,6.27,3.018784,1746.777815
34020600,339783.6144,5019417.286,-95.04386259,45.30997204,1,1,7.9248,758.8917184,8.74,2.897784615,408,0.02475,3.226666667,0.44939565,1755.411032
34020800,337301.6185,5019501.14,-95.07553196,45.3101555,U,0,3,368.4939406,9.1,0.74652,381.2333333,0.0675,16.364,1.4500767,1819.666318
34021700,338585.3168,5013040.328,-95.05706438,45.25233255,1,1,8.8392,705.3908055,7.509090909,2.932885854,400,0.021615385,5.376153846,0.3368471,1740.826802
34022400,335557.2878,5022013.706,-95.09860396,45.33235054,1,1,12.192,521.1049186,8.335333333,2.298534347,410.1333333,0.038722222,10.67571429,0.57876655,1734.321772
34024500,333118.2222,5005479.628,-95.12415468,45.1830454,U,0,4.2672,513.0550717,8.729411765,0.5065625,521.5714286,0.1208,8.8,1.3246291,1855.284439
34024600,334980.1001,5004891.79,-95.10027732,45.17819566,U,0,3.9624,657.7206305,8.864615385,0.739019231,502.4545455,0.091333333,46.23333333,1.505928975,1833.868144
34028300,331527.1545,5001887.935,-95.14318,45.15035849,U,0,1.8288,200.7680931,8.682222222,0.650952381,500.75,0.182,62.6,0.8903029,1809.872082
38026000,637560.5355,5271908.94,-91.1704754,47.58599732,U,0,0.9144,66.2361733,7.26,0.8,54.3,0.017,1.05,6.8863095,1412.635756
38039300,629792.7656,5275713.149,-91.27260888,47.62181227,U,0,9.144,406.1095993,7.527954545,3.292643077,81.44680851,0.013666667,8.241666667,1.556557025,1292.760958
38040600,628590.6963,5245011.233,-91.2975473,47.34591891,U,0,9.144,295.1029288,7.421428571,3.342264564,83.40434783,0.018833333,5,1.39570555,1474.143218
38053900,613954.9401,5254711.015,-91.48874836,47.43588253,U,0,1.8288,175.5803856,7.24,1.209938462,66.83333333,0.02,4.314,9.706404,1214.914398
38065600,602947.4552,5263705.476,-91.63258487,47.51862281,U,0,1.95776651,1329.214015,6.851666667,0.871550769,34.475,0.022,8.1025,8.82160625,1329.249188
38066400,602690.8698,5284619.213,-91.63109043,47.70678737,U,0,3.9624,81.1282586,6.464,2.923090909,25.25,0.011,3.1875,2.4725183,1280.796494
38068600,609012.7341,5277133.822,-91.54871299,47.6384216,U,0,3.781742386,272.8491565,7.273333333,0.700108333,56.85714286,0.027,2.666666667,7.01185135,1385.219744
38074400,594384.5494,5226696.487,-91.75415533,47.18698728,U,0,6.096,237.7215212,7.903846154,3.244007059,124.275,0.014,3.835,2.3357778,1369.442938
40000200,456956.1441,4897204.745,-93.53893673,44.2268002,0,0,3.048,892.0122654,9.338,1.276628955,420.2857143,0.596285714,45.7,3.1675837,1956.660444
40003100,451494.0362,4897656.66,-93.60736407,44.23052552,1,1,9.4488,1357.802544,8.445555556,1.787206184,435.4545455,0.423714286,40.67833333,1.623247925,1923.721501
40003300,448915.3369,4912955.992,-93.64114826,44.36808112,U,0,20.1168,268.8642213,8.224302326,2.832355484,389.1693182,0.251730769,23.86875,0.78978405,1894.024779
40005100,446861.8396,4897534.563,-93.66534971,44.22910325,U,0,16.1544,77.4026774,7.5744,3.84449823,344.4642857,0.0186,4.596666667,4.4084918,1906.770786
40006300,442012.6682,4902673.112,-93.72663155,44.2749927,1,1,15.24,881.7572119,8.278,1.614943182,331.5423729,0.149323529,42.87578947,0.8241802,1989.784453
40009201,439258.8941,4902672.794,-93.76113574,44.27476513,U,1,11,684.5721786,8.615833333,1.7952689,325.8478261,0.136566667,44.70294118,0.86667055,1852.709159
40009202,434161.9817,4902634.203,-93.82499304,44.27397434,U,1,7.0104,438.811772,8.507714286,1.106397473,339.7666667,0.1538,48.90666667,0.51722985,2039.041695
40010400,434928.8365,4904298.126,-93.81559203,44.28902222,U,0,2,376.8103981,9.007142857,0.945454545,404.1428571,0.287,153.9866667,0.30792175,1861.668474
40011700,430413.1383,4900376.834,-93.87166288,44.25330449,U,0,12.4968,1516.114262,8.264166667,1.721432876,360.0714286,0.13772973,67.07695652,0.278648,1991.950153
40012400,426829.2869,4906709.285,-93.9174363,44.30995729,U,0,10.9728,299.999889,8.104285714,1.00314704,424.8333333,0.475666667,33.2,1.524323725,1977.836567
41002101,253265.9569,4916765.493,-96.09634051,44.36218967,U,0,1.8288,547.0790276,8.574444444,0.682812584,665.2111111,0.232333333,46.375,1.2493091,1830.693489
41003400,247511.7916,4920178.964,-96.17009949,44.39089456,U,0,2,221.2030697,8.792,1.019366154,838.6,0.160333333,11.85,1.46284595,1722.309515
41004300,241464.6749,4909381.575,-96.2405481,44.29171072,U,0,2.7432,2699.47835,8.699166667,0.946164922,518.4285714,0.4243,67.03333333,1.0332458,1754.794933
41008900,232570.0368,4922309.079,-96.35848456,44.4046815,U,0,3.314397275,996.2861018,8.7559375,1.629599725,621.22,0.183705882,50.4532,2.9617892,1767.077503
43009800,385658.1651,4961639.42,-94.44570999,44.79900549,U,0,1.7,347.3171972,9.05,0.442307692,419.5,0.1016,45.43333333,3.90976085,1956.747285
44001400,299802.1232,5234429.728,-95.64487904,47.23281372,0,0,8.2296,1127.004654,8.468780488,3.092527138,289.3342857,0.014125,5.1275,0.67218955,1465.133418
45000100,286472.812,5374824.545,-95.89010101,48.49023509,U,0,1.2192,6896.310883,8.432,0.869,278.5,0.031,5.77,6.786947,1438.67726
46002400,381613.0899,4835394.751,-94.46830817,43.66212868,U,0,5.5,83.16646376,8.488571429,0.849451429,359.2888889,0.123,92.325,1.0216013,2029.527434
46002500,381488.8933,4834149.727,-94.46957465,43.65090232,U,0,5.5,138.2032017,8.44,1.1433975,396.1545455,0.132142857,45.53333333,0.4402003,2004.196783
46003000,381702.7238,4832944.864,-94.46666,43.64009126,U,0,5.7912,227.9088988,8.414166667,1.369978654,389.9545455,0.104111111,83.46666667,0.68903225,1997.760179
46003100,381504.7219,4831004.322,-94.46868855,43.62259267,U,0,7.62,548.0516689,8.2,1.1254534,434.1266667,0.1069,54.425,0.60010535,2002.91439
46003400,381093.7568,4829307.407,-94.47340754,43.60725297,U,0,4.8768,182.0878862,8.105833333,0.733561905,407.0090909,0.0978,97.45,0.64230475,2057.608975
46010900,363100.1587,4837403.671,-94.69833427,43.67702985,U,0,6.096,951.0200807,8.515652174,1.25688619,414.0545455,0.1165,150.0571429,1.3294534,1936.011621
47002600,397866.2809,4995498.84,-94.29824835,45.10557959,U,0,8.2296,163.7718705,7.941818182,2.343744552,355.0384615,0.082222222,17.2875,2.51468345,1875.59501
47003200,397975.2524,4993364.933,-94.29642887,45.0863913,U,0,8.8392,201.2038934,8.626153846,1.207148342,341.75,0.284941176,51.77692308,0.88509975,1928.860488
47004600,391692.6105,4991589.911,-94.37585655,45.06948349,1,1,5.1816,2438.09043,8.132,1.24409581,328.75,0.02952,13.40263158,0.2790824,1872.198812
47004901,387490.0177,4981829.497,-94.42704249,44.98099313,U,0,6.4,863.9271849,8.575416667,1.499688092,332.3571429,0.060727273,21.99833333,0.5007244,2465.421539
47005000,386200.9021,4990291.544,-94.44530294,45.05693791,1,1,15.24,292.5220964,7.954615385,2.691745653,487.652381,0.037857143,8.022857143,0.5494019,1816.506289
47006400,388068.5447,4985112.44,-94.42043671,45.01062832,1,1,7.62,189.5482273,7.957083333,1.717722105,373.1576923,0.152428571,7.31,0.9205166,1863.85001
47009500,386631.837,5014501.227,-94.44533141,45.27486529,1,1,4.8768,529.0691257,8.48,0.764509613,429.5166667,0.159038462,71.06,1.5737925,1868.990662
47013800,376468.983,4993804.625,-94.56972368,45.08691932,U,0,1.1,153.2284545,9.463333333,0.887272727,308,0.037,7.155,1.51113495,1771.382184
47017700,368685.5883,4996004.87,-94.66916424,45.10531503,U,0,3.048,782.5813901,9.04375,0.481285272,293.7166667,0.182428571,200.3428571,1.6679575,1881.693408
47018300,370021.685,4993414.21,-94.65151577,45.0822511,U,0,3.048,273.9835819,7.9175,0.610526316,393.28,0.19,225.8,2.90240425,1888.314532
48000200,450184.7693,5121183.206,-93.6461671,46.24239952,1,1,12.192,128250.5327,8.151408451,3.446957241,176.9859155,0.028068182,4.242833333,0.48547845,1632.862617
48001200,444369.8722,5106296.166,-93.71983774,46.10797461,0,0,3.6576,583.7556904,8.654615385,1.635155556,170,0.042,22.01,1.8258815,1627.086785
48001400,440235.6818,5110611.134,-93.77387181,46.14645701,0,0,2,409.1381422,7.95,1.558461538,301.0666667,0.0255,3,4.2190361,1539.843699
49001600,427286.0121,5109597.31,-93.94137711,46.13607563,U,0,15.5448,1103.40191,7.625555556,2.627467925,136.4037037,0.0184375,7.188571429,3.23652415,1610.27787
49014000,372932.1521,5074678.899,-94.63555172,45.81396629,U,1,26.5176,235.6393261,8.013690476,4.001053755,332.4105882,0.045882353,2.308333333,1.04846195,1621.103739
51001800,293475.8214,4883690.943,-95.57926687,44.07727971,U,0,2.4384,126.9019196,8.89,0.497476923,582.475,0.059,78.1,2.12248755,1892.447636
51002100,291105.347,4859036.975,-95.59914798,43.85486383,U,0,2.7432,122.7147588,8.399375,0.833167792,774.9244444,0.137421053,35.29522222,2.92112335,1826.463397
51002400,286296.2514,4869764.462,-95.66322224,43.94997014,U,0,1.504715174,326.045198,8.838,0.253444444,662.6,0.19625,185.1,2.45662635,1886.125654
51006300,278703.832,4892734.895,-95.76734352,44.15429852,0,0,2.7432,1209.245167,8.621666667,0.608394955,622.5555556,0.164,67.94333333,2.085905425,1883.640932
51008200,264417.8409,4894357.579,-95.94649172,44.16442371,U,0,3.262371599,405.7391043,8.793333333,0.345657436,713.4545455,0.142,88.6,2.32670625,1842.689997
56038300,288040.9302,5150577.124,-95.76114355,46.47542385,0,0,18.288,7545.693746,8.676,2.851681712,328.6666667,0.024646341,8.85225,0.319278638,1601.173836
58000700,544630.3255,5100010.75,-92.42307818,46.05221508,U,0,3.048,79.32452189,6.015,1.346775385,18.88888889,0.03,17.46666667,6.9473356,1768.783146
58002400,538305.577,5102157.433,-92.50466006,46.07191847,U,0,14.0208,70.59723198,6.244857143,4.621665806,28.02857143,0.017428571,4.71875,3.40752455,1686.610817
58002900,543222.6926,5102524.139,-92.44104506,46.07492552,U,0,3,79.77168676,7.00375,0.84672,84.25,0.064,24.35,7.86561985,1952.310145
58004800,531169.5162,5137166.212,-92.59462291,46.38735161,U,0,5.1816,458.7392462,7.055714286,1.399800449,72,0.0354,22,2.43961805,1601.641051
58005800,516257.8345,5129483.222,-92.78882226,46.31872983,U,0,5.1816,60.95154537,6.69,1.180887273,69.3,0.03075,27.85,10.33671715,1727.201265
58006200,519178.3673,5139222.266,-92.75048825,46.40630182,U,0,12.192,526.7003419,7.400606061,2.102634246,92.22352941,0.181357143,14.26727273,1.82356265,1620.160745
58006700,518683.0705,5136156.703,-92.75705448,46.37872672,1,1,12.192,1705.914008,7.726744186,4.411078259,73.12954545,0.019769231,3.932,0.9639566,1527.601154
58008100,517185.959,5140120.847,-92.77637634,46.41444233,1,1,12.192,527.2355865,7.310789474,3.193642554,87.76,0.0775,6.198,2.06352575,1555.902248
58011900,504340.4653,5077660.977,-92.94409341,45.85250013,1,1,9.4488,925.2973442,8.191607717,1.119950374,215.5376623,0.179513514,18.18378378,8.2876216,1736.164077
58013000,499035.5942,5114971.194,-93.01249729,46.18831673,U,0,4.572,232.9596692,6.82,1.467319355,106.64,0.03,7.78,7.2610491,1721.985398
58013800,496338.0632,5117197.223,-93.04747059,46.20834188,U,0,6.4008,398.9487622,7.635,1.813226543,140.8222222,0.033142857,18.20692308,3.156628,1724.295039
60003200,299423.8349,5276728.811,-95.66903288,47.61289903,U,0,3.6576,525.1344008,8.412,1.262941176,356.5,0.0538,52.9,0.90443,1522.754814
61000600,326348.9978,5037747.006,-95.22157518,45.47164521,U,0,3.048,1399.251368,9.136666667,1.809441975,250.6666667,0.091944444,69.34066667,0.712126125,1660.149726
61004100,316412.2831,5035955.235,-95.34792497,45.45298838,1,1,14.6304,417.1432264,8.91,2.869531341,360,0.023952381,7.330645161,0.44704655,1684.356172
61004300,317757.5669,5034810.398,-95.33031011,45.44304424,U,0,3.048,323.8344487,9.135,1.024453333,440.6,0.065428571,34.63333333,0.372347,1823.834601
61007200,315160.4219,5038506.573,-95.36488122,45.47560376,1,1,8.2296,335.9633853,8.32,1.50344411,427.725,0.069365854,48.508,1.35957445,1797.342167
61018000,293305.369,5043718.178,-95.64641141,45.51633555,1,1,0.9144,2316.328154,8.8,0.581468485,500,0.1167,56.31928571,0.81919095,1795.410621
62000200,498754.0283,4995658.276,-93.01584031,45.11439312,1,1,10.9728,1049.089611,8.033935484,1.620207402,373.4576877,0.08866125,32.38242387,0.92566375,1935.419866
62000600,495486.0615,4985661.028,-93.05729668,45.02438645,1,1,3.3528,84.11245837,7.907666667,1.374132653,526.8098684,0.090892308,38.74964674,2.55973735,1972.316216
62000700,494430.8053,4985183.351,-93.07068604,45.02007895,1,1,12.4968,235.0115907,7.719495614,2.126621639,758.0585987,0.193086498,15.02227122,1.41369275,1879.372377
62001200,495060.6552,4982295.043,-93.06266343,44.99408333,1,1,4.8768,21.42637671,7.662552083,2.384916201,677.8173516,0.123875,13.87529412,2.2741898,1955.260007
62001600,499630.106,4979969.67,-93.00469099,44.97316752,1,1,3.6576,85.76254339,8.10379845,1.92020973,551,0.101895833,24.29235229,1.7091856,2003.032185
62002400,496749.9185,4992090.752,-93.04129583,45.08227272,1,1,1.8,112.5713741,8.9025,2.342758621,421.1666667,0.031134043,7.04225,3.0303439,1775.498531
62003400,498599.2902,4990702.299,-93.01779367,45.06978021,U,0,1.829,114.6184086,8.32952381,0.471621622,364.4761905,0.24539375,82.17478261,2.14447515,2047.548809
62004600,492242.8232,4993756.966,-93.09858912,45.09723653,1,1,17.3736,607.2323253,8.484347826,2.790909091,391.48,0.21725,25.85,3.3853679,1871.367132
62004700,488133.1684,4972324.317,-93.15031492,44.90424505,U,1,4.8768,69.29929865,7.24258427,2.176793871,705.7538462,0.350484043,22.41876325,4.28466665,1734.560535
62005500,488925.9806,4980691.442,-93.14045608,44.97957862,U,0,4.572,71.29771889,8.051130435,1.341638058,487.9553571,0.284090116,40.13457772,4.1645284,1983.807464
62005600,490348.6549,4986864.481,-93.12253021,45.03516843,1,1,10.9728,374.9639172,7.589969325,2.015166045,358.4431138,0.063934962,18.90295455,2.25880405,1860.95946
62005700,487930.1432,4986932.059,-93.15323634,45.03573969,1,1,13.1064,116.1731327,7.714140845,2.258035189,412.3809524,0.122096685,12.76790471,1.118212,1827.115169
62006100,489174.3725,4993988.452,-93.13759222,45.09927999,1,1,8.2296,450.0169915,8.202301587,2.541080272,336.1268657,0.022291391,5.400125,0.6121122,1842.160586
62007800,486581.735,4987764.975,-93.17037762,45.0432132,1,1,12.8016,211.9098601,7.799913545,2.366608125,726.5853261,0.146325967,14.6135856,0.88351375,1910.225355
62008300,482385.7753,4987894.364,-93.22365975,45.04428602,U,1,14.0208,70.84322849,7.456775068,1.229175515,609.3641161,0.213072581,42.30558442,0.82826655,1959.568927
65001300,373598.5006,4970558.902,-94.60035368,44.87723731,U,0,1,754.8799246,8.775,0.298733333,509.8,0.1835,151.5,2.00797885,1955.61078
66001500,470440.0236,4911175.468,-93.37090492,44.3532484,U,0,18,64.48834718,7.318333333,2.146422414,236.2,0.144,8.71,3.78929665,1868.951191
66001800,472459.7578,4908332.502,-93.3454124,44.32773321,U,0,11.2776,632.2907826,8.8805,1.265155187,328.7222222,0.397666667,87.73076923,0.82078945,1876.90863
66002700,472757.3213,4918054.919,-93.34218967,44.41527303,1,1,3.9624,837.5810807,8.9925,0.865005755,357.5,0.488,86.56666667,1.38731115,1794.712416
66003900,468431.2484,4913346.36,-93.39624123,44.37270771,1,1,14.9352,687.6812944,8.5925,1.207806486,294.4285714,0.2875,47.7625,1.126947,1903.963932
66004400,459775.2682,4898291.313,-93.50372432,44.23674341,U,0,3.048,372.206608,9.053333333,1.114408941,409.5,0.5624,61.74444444,2.3298115,1956.660444
66004700,464438.385,4908886.66,-93.44605236,44.33237362,1,1,7.9248,176.3620412,9.38,1.121986,282,0.109666667,59,1.2138004,1914.908216
66005200,465804.6552,4904676.735,-93.42863963,44.2945383,1,1,12.4968,902.4409827,8.65,1.088043192,258.3333333,0.112058824,62.2,1.4400725,1860.846204
66005500,464843.6461,4913075.283,-93.44125213,44.37010222,1,1,9.144,940.4902338,8.915454545,1.409765113,339.4615385,0.344285714,19.91,2.2471821,1868.471865
66006200,460101.5291,4922468.8,-93.5014911,44.45442205,U,0,2,303.2361358,8.316666667,0.611194286,411,0.33875,76.205,1.07220695,1981.218874
69000400,590212.2492,5302852.881,-91.79360433,47.87267245,U,0,12.8016,3237.469031,7.01487013,1.580201209,58.80825688,0.02425,5.522727273,6.9299941,1397.053253
69004400,585278.6068,5257057.132,-91.86850742,47.46137082,U,0,1.524,450.6676677,7.628333333,0.732,54.28,0.029,6.01,9.44011675,1336.578064
69005400,584051.296,5293984.102,-91.8776987,47.79372745,U,0,1,124.5625986,6.716666667,0.901107692,49.33333333,0.047,16.66666667,5.7486995,1354.255971
69014300,579822.5965,5236829.54,-91.94452304,47.28008184,U,0,3.7,455.6329805,6.725,0.871446154,69,0.0205,5.805,7.9617828,1442.77011
69025400,568794.6222,5292460.098,-92.08162612,47.78182787,U,0,13.716,661.9864661,7.014262295,3.419501081,52.04390244,0.064294118,5.396,1.791994375,1328.992071
69037100,562252.7743,5193688.56,-92.18277595,46.89381635,U,0,2.1336,2372.45696,7.617777778,1.2007075,119.2090909,0.122714286,11.8,4.81027765,1499.914745
69045600,552715.1983,5331989.964,-92.29141218,48.13897753,U,0,4.572,612.4334213,7.046666667,1.621784615,30.58333333,0.009,5.41,6.39541635,1429.447989
69048900,552569.0639,5194141.779,-92.30983635,46.89873141,U,0,6.096,538.5763057,7.8016,2.223415039,120.5592593,0.018666667,5.873333333,2.3413667,1482.536645
69061500,539224.0323,5336048.9,-92.47237426,48.1764689,U,0,3.3528,1141.618522,6.916,1.05470032,43.79090909,0.043333333,17.802,7.4789088,1494.313014
69073600,527399.5812,5277318.656,-92.63516111,47.64868468,U,0,4.572,778.7844941,7.75047619,2.650512575,95.17894737,0.051571429,6.835,1.25217605,1340.02243
69074100,525223.2732,5314557.952,-92.66197147,47.98382706,U,0,3.048,275.8385844,6.615,1.03255,39.75,0.033,6,6.08353495,1436.250992
69074200,525535.0028,5321038.101,-92.65740795,48.04211663,U,0,3.9624,389.2955275,7.018,1.768641644,34.14,0.0235,10.84666667,5.83222805,1405.481251
69081000,518967.3812,5337829.601,-92.74477467,48.19341724,U,0,9.055068809,728.059456,7.222826087,2.833228872,91.28837209,0.026777778,13.544,1.2004065,1370.686158
69084100,507013.0184,5323188.277,-92.90587332,48.06193421,U,0,10.668,11546.34873,7.874054054,2.625789606,113.9435897,0.037923077,9.7,1.419502825,1352.780169
69084800,507254.1685,5181978.873,-92.90495196,46.79131824,U,0,13.54686374,794.3346195,7.439230769,1.50306063,123.6875,0.029,15.76,10.7814577,1567.541658
69092500,502128.6589,5275146.122,-92.97166614,47.62971333,U,0,3.6576,133.2971902,7.54,1.524,225,0.037666667,10.7875,7.15305165,1404.840413
70002200,469003.5153,4948892.56,-93.39119485,44.69273556,U,1,2.4384,144.7462396,8.053129252,1.399794043,323.2496732,0.164842105,65.3727027,3.4619577,1939.811931
70002900,465648.1492,4941618.001,-93.43305276,44.62709558,U,0,2.1336,135.2897509,8.44,0.681,371.75,0.3235,230,1.82949275,2043.597933
70005000,467196.8223,4942383.644,-93.41357905,44.63406046,1,1,3.9624,186.6100652,8.821333333,1.247815916,177.9310345,0.106588235,44.26103871,0.03148485,2017.408983
70005200,462264.6288,4942151.172,-93.47574454,44.6317256,U,0,2.7432,195.8809774,9.365,0.843,365,0.522,152,4.07427355,2012.705068
70006900,463511.23,4944353.954,-93.46018539,44.65161987,U,0,8.2296,175.9162838,7.957138047,1.530913924,422.6891975,0.184018519,20.26489796,1.64877165,1980.908414
70007200,464590.3616,4951202.657,-93.44705002,44.71332699,1,1,12.192,386.2571107,7.706086957,1.325889039,500.6220207,0.248507627,58.22125,0.786467284,1898.063772
70007600,465950.0664,4955479.221,-93.4301694,44.75189093,1,1,2.958,48.97445523,8.070606061,0.704748603,381.4115385,0.174081633,99.6630303,2.96486805,2131.727981
70009100,458446.6306,4937560.236,-93.52350622,44.59018658,U,0,3.048,793.4369474,8.313513514,1.196427826,376.8314286,0.22522619,62.72123333,0.57709295,1947.624098
70009800,455285.7389,4939342.274,-93.56348159,44.60603925,U,0,1.524,288.9507642,8.986153846,0.702,337.1285714,0.090076923,25.0512,1.4581755,2009.518334
71001600,454934.5412,5033813.618,-93.57637997,45.45639434,U,0,3.048,493.0029348,8.514,0.698816988,200.3428571,0.172142857,99.682,1.486639,1934.933099
71005500,451028.3816,5037227.586,-93.6266767,45.48685924,1,1,4.572,361.9088126,8.344137931,0.771435176,259.4405405,0.095444444,40.75,0.61666935,1897.083137
71008100,440642.8916,5021749.972,-93.75770089,45.34674693,1,1,9.7536,169.5045795,8.702,3.109710029,330.7692308,0.020833333,6.77047619,0.9206633,1742.886478
71008200,440918.5712,5020853.573,-93.75407499,45.33870209,1,1,13.4112,253.664896,8.341666667,3.640015453,365.1333333,0.0372,6.192105263,0.8295929,1742.886478
71014500,427975.6715,5039498.233,-93.92197723,45.50529582,U,0,7.6,154.484345,8.560714286,0.857002099,309.7,0.092790698,25.38,1.4753332,1848.827112
71014700,427063.9777,5037878.424,-93.93340528,45.49062285,1,1,7.6,160.9134995,8.765384615,0.797677122,305.7142857,0.123939394,60.85818182,0.5688105,1783.900884
72004200,404121.4397,4935805.295,-94.20748146,44.56920407,U,0,1.463,882.1935625,9.111666667,0.476704545,464.0333333,0.312571429,90.64,3.585713,1956.154152
73003700,397751.0421,5028102.949,-94.30642358,45.3989737,U,0,5.4864,753.0965603,8.505517241,1.78763426,366.7705882,0.031809524,23.415,0.96116315,1816.720471
73005500,395420.6511,5032339.061,-94.33709021,45.43674928,0,0,10.0584,650.5371782,8.511176471,2.737209937,336.3176471,0.0344,13.27333333,1.2892943,1818.159469
73011800,384321.7904,5056749.218,-94.48472037,45.6546441,U,0,12.192,291.0633523,7.971923077,3.768293816,399.6461538,0.08544375,8.465555556,1.6217528,1633.270303
73015100,379861.9824,5021715.424,-94.53335975,45.33865555,U,0,6.096,160.6439408,8.3332,1.437725333,561.5384615,0.239888889,84.71666667,3.7840353,1810.218783
73018300,374294.2786,5066770.606,-94.61596905,45.74306413,1,1,31.6992,125.5641405,7.93870229,2.577018367,464.4553719,0.038125,15.84714286,1.5059849,1720.552081
73019900,371265.9455,5051139.097,-94.65074174,45.60186853,U,0,2.7432,209.2919129,9.373478261,0.72703413,347.768,0.114322222,43.6925,0.65664415,1806.92962
73020002,366081.3706,5021658.678,-94.70915611,45.33564878,U,0,39.9288,2968.287656,7.991904762,2.430925958,402.2568421,0.094987013,18.55866667,0.3832961,1742.084769
73020800,365617.5324,5056363.265,-94.72457933,45.64780027,U,0,3.039,250.2039923,9.602105263,0.366363636,430.125,0.340833333,138.226,1.0497845,1804.78663
73023300,367371.0706,5060719.997,-94.70327436,45.68733475,U,0,13.1064,203.8588389,8.126785714,2.452412868,475.3029851,0.2753,15.10666667,0.40095245,1723.426994
73023700,358075.5021,5036781.418,-94.81563647,45.47013032,U,0,1.43,208.4006832,8.7425,0.802105263,508.6666667,0.843,52.41666667,5.32065625,1715.290348
73024100,358911.5067,5054941.152,-94.81018573,45.63367505,U,0,4.8768,95.08902351,8.428095238,1.385964444,394,0.208125,39.06666667,2.4523246,1746.057756
73025500,352524.5737,5068186.059,-94.89611036,45.75149744,U,0,1.6,204.4508411,9.25875,1.452608696,256.9090909,0.033875,6.95,3.10148385,1586.087479
74000100,495161.3889,4881325.707,-93.06043774,44.08509235,U,0,1.782173545,527.8775899,8.691428571,0.290909091,191.6666667,0.2818,140.8,0.5856467,1829.996313
74002300,471951.8764,4859878.704,-93.34920419,43.8914761,U,0,7.9248,97.95302514,8.163076923,1.5297968,309.1904762,0.048625,12.89,0.2007945,1879.029115
76003300,321388.7163,5021417.658,-95.27906889,45.32352518,U,0,4.572,207.9926712,8.571428571,1.561457231,315.0941176,0.101,51.55,1.04753735,1739.825958
76005700,311548.879,5019145.604,-95.40365205,45.300518,U,0,1,218.0682259,9.69,0.769285714,368.25,0.0692,38.6,2.5682495,1777.818285
76008600,298915.6092,5029546.378,-95.56885873,45.39054191,U,0,1.2192,608.9937593,8.864,0.193,445.54,0.069666667,55.06666667,1.06312235,1871.567733
76016900,258159.5169,5032939.511,-96.09048564,45.40815196,U,0,1,403.7949436,9.23,0.5302,650,0.606666667,73.66666667,1.84427395,1845.715777
77000700,369664.2247,5077002.678,-94.67822504,45.83426304,0,0,17.0688,270.336134,8.2425,5.13521703,237.6068966,0.1466,4.84,0.85603585,1631.361617
77000900,363651.1458,5076821.345,-94.7555632,45.83146852,U,0,1.524,253.4094467,8.66,0.805555556,491.5833333,0.100857143,57.28571429,2.3451587,1677.148406
77001900,370335.5102,5070130.664,-94.66773886,45.77256328,1,1,17.3736,129.1023671,8.291153846,2.21276,365.6153846,0.1005,11.828,2.6846389,1710.333242
77002300,364105.101,5082770.501,-94.75140105,45.88507892,U,0,13.716,946.5641383,8.241875,2.514114132,366.9666667,0.056133333,31.146875,0.9854737,1591.096115
77004600,364295.4341,5104601.914,-94.75514644,46.08151529,U,0,7.62,171.0152339,9.084166667,2.713816762,94.76923077,0.036333333,14.9,3.0895164,1615.38426
77006100,365446.4368,5111077.219,-94.74210171,46.13999476,U,0,2,562.0871134,8.48,1.38,185,0.0625,9.025,2.5316587,1564.696753
77021500,335804.7553,5085466.099,-95.11682474,45.90315385,0,0,20.1168,6389.37365,8.237735849,2.467977136,414.0255172,0.108939394,27.47288136,0.71080455,1599.332983
80003000,344445.0274,5184769.275,-95.03845584,46.7983129,0,0,7,251.9141598,8.042,1.979015658,315.5,0.04595,15.2004,1.3169715,1486.695985
80003400,340885.3217,5183617.465,-95.08467229,46.78711444,0,0,4.572,532.5431202,8.3275,1.036931741,312.25,0.099045455,60.61176471,1.21995585,1623.30655
81000300,466518.6766,4861188.131,-93.41692913,43.90303872,U,0,8.8392,91.20441055,7.965172414,1.640026437,349.0435484,0.135625,13.76833333,0.40591325,1915.600631
81005500,450897.104,4892756.681,-93.61437937,44.18637269,1,1,17.3736,194.5412123,7.846666667,1.90334624,374.0461538,0.063571429,23.31666667,0.8184882,1915.480484
82000100,517759.3326,4975105.897,-92.77494864,44.92916217,1,1,22.1,4282.770538,7.567843137,1.472353788,205.9486842,0.049128492,16.36508671,6.421659867,1929.210881
82005400,510979.9687,5014818.419,-92.85998713,45.28678053,1,1,8.8392,221.4540296,8.11962963,1.449103059,288.7037037,0.046263158,24.102485,1.721926,1899.083603
82011800,503151.7742,4986796.474,-92.95998653,45.03461496,1,1,10.0584,63.15438546,8.636666667,2.342948718,516.3333333,0.024527778,10.44554815,1.7903755,1893.642341
82014000,502452.0114,5002855.874,-92.96879172,45.17918054,U,0,1.5,357.9506542,9.133333333,1.754,77,0.031736842,4.822222222,1.7372345,1741.330092
82015300,504536.1865,4997779.697,-92.94231126,45.13347611,1,1,4.572,133.1387133,7.8,2.94459364,146.25,0.033745098,6.177417143,1.22693155,1743.165076
82015900,504004.2571,5013346.026,-92.94895088,45.27360122,1,1,10.9728,2270.935001,8.22057971,1.759383026,306.7697842,0.042810651,15.40569744,2.311751225,1833.025801
82016300,499873.7606,5011883.272,-93.00160902,45.26044563,1,1,8.2296,428.9533614,8.095974843,1.670827015,545.5470588,0.100156863,7.192,0.27341455,1882.657861
82016800,498433.5726,5012328.165,-93.01996672,45.2644486,1,1,1.2192,178.9440742,9.146666667,0.794166667,526,0.29264,2.69,2.74395955,1845.431996
83004300,367799.0462,4870370.473,-94.6482113,43.97458451,U,0,4.2672,202.7581603,8.784666667,1.407772049,517.1138889,0.0511,24.69,1.379343,1964.667746
86001100,441248.7811,4999981.788,-93.74739321,45.1508677,1,1,12.192,252.5172337,9.08,5.300371429,230,0.016153846,3.935882353,0.83046705,1770.044856
86003200,438242.2662,4981056.407,-93.78330656,44.98026407,U,0,2.3,139.8961157,7.774,0.681818182,448,0.3879,78.36666667,2.48512705,1944.770147
86005100,432228.4967,5007507.297,-93.86315402,45.21779337,1,1,6.096,174.5653331,7.935,2.091133333,401.85,0.08,80.55,1.0120869,1854.567241
86006300,437826.6272,5001839.143,-93.79115482,45.16729224,U,0,2.7432,162.0561824,8.547777778,0.921875,225.6444444,0.151,102.8,1.0482726,1843.958782
86008600,430378.3985,4987987.722,-93.88399628,45.0419241,U,0,3.048,434.6534062,8.235,0.446117647,442.5,0.12325,164.9133333,3.64827505,1856.835539
86009000,429774.1546,5001449.496,-93.89355574,45.16302946,1,1,10.3632,1551.902439,8.450740741,1.005963889,390.5645161,0.100615385,83.2,0.24534885,1835.791032
86010600,421553.9449,4991319.828,-93.99654655,45.07099247,1,1,3.048,338.0080119,8.768888889,1.033155963,464.4,0.407272727,87.71818182,1.6991959,1809.522193
86010700,428253.6801,4999328.292,-93.91259509,45.14378448,1,1,7.6,171.0559559,7.997777778,1.678093333,470.6222222,0.212,69.66666667,0.98631625,1734.848037
86011400,423537.2926,4991665.498,-93.97140729,45.07432074,1,1,21.336,493.9943678,8.231578947,2.29630339,383.1176471,0.0875,17.2295,1.0480502,1781.935518
86012000,421757.783,5006583.341,-93.99634741,45.20839193,1,1,24.384,316.5155857,7.819473684,1.74554,461.0571429,0.113529412,27.52307692,2.00852235,1748.883936
86018400,417040.1266,4989350.763,-94.05355322,45.05275558,1,1,6.096,162.2990652,8.83,0.824904706,541.3789474,0.2105,57.6375,0.68813455,1904.85326
86018800,418843.3074,4985726.651,-94.03007195,45.02034602,1,1,3.9624,188.5730669,8.454,1.250472727,390.34,0.16075,68.3,2.0127993,1864.13491
86019900,415820.5497,4991539.516,-94.06940585,45.072311,1,1,10.668,745.0012495,8.417,1.615491654,343.2,0.0972,42.75,0.6795688,1851.232227
86020800,415596.1099,5009133.617,-94.07523023,45.23063301,U,0,3.048,292.8713355,8.35,1.095,364.5,0.3963,107.4,1.9914966,1826.097511
86021700,412825.3431,5004158.195,-94.1096497,45.18551695,1,1,10.0584,361.6697853,8.297777778,1.935138137,336.8888889,0.05635,34.14210526,1.9671305,1839.281789
86022300,419446.5461,5017682.85,-94.02757477,45.30802778,1,1,9.144,139.2849893,8.396842105,1.631305691,365.4272727,0.144692308,32.74363636,1.3343616,1867.759214
86022700,416475.8313,5013416.87,-94.0647454,45.26928713,1,1,30.48,790.3073729,8.603333333,2.371124731,465.7916667,0.049285714,13.814,1.42553435,1797.452291
86022900,419483.8395,5013854.564,-94.02647737,45.27357741,1,1,9.1,279.7454071,7.426666667,1.268472394,275.5,0.301681818,70.855,1.7931652,1869.224743
86023000,419456.5978,5012804.493,-94.02665421,45.26412359,1,1,9.1,151.3538599,8.285,1.542212912,263.3333333,0.13392,50.42631579,0.45119465,1869.224743
86023300,418531.5413,5018734.562,-94.03941808,45.31738753,1,1,20.4216,1014.20948,8.19875,3.137513311,314.6666667,0.0277,5.81,1.001105,1737.324427
86025000,411303.6736,4992031.741,-94.12686395,45.07618938,U,0,1.5,243.5191774,8.883333333,0.3,254.2,0.1418,184.925,2.8554189,1940.459223
86027100,403149.945,5008791.761,-94.23368218,45.22595393,U,0,12.192,87.07131718,7.81,4.09202,416.0769231,0.087428571,2.525555556,2.2136027,1678.16552
86028100,406219.0131,5018936.764,-94.19651403,45.31766978,1,1,13.4112,137.1525953,8.93375,1.71440995,466.6666667,0.42988,39.03888889,2.2034476,1833.864423
86028200,401877.7758,5017725.164,-94.25164908,45.30617265,U,0,13.1,192.6990264,7.6878125,1.406699187,638.8842105,0.403952381,49.75294118,2.4484132,1882.816685
87001600,303108.0041,4939148.777,-95.48002721,44.57875309,U,0,1.524,381.5394581,8.705,0.359833333,917.3333333,0.418166667,166.25,1.45801055,2041.666074