DOWLKNUM,WB_CLASS,LON,LAT,COUNTY,SURVEYED,EWMSTATUS,avg_secchi,max_secchi,roaddensity_density_mperha
1006200,Lake or Pond,478161.8144,5178526.958,Aitkin,Y,0,1.273618272,3.333333333,59.9015
1010400,Lake or Pond,458297.0716,5163659.077,Aitkin,Y,1,2.225896296,3.1,37.9678
1015700,Lake or Pond,440638.8309,5133864.451,Aitkin,Y,0,3.751983118,6.5,33.541
1020400,Lake or Pond,438034.8405,5131543.537,Aitkin,Y,0,3.542339277,5.9,34.3914
2000300,Lake or Pond,496849.0276,4996730.893,Anoka,Y,1,3.235489855,5.7,72.6983
2000400,Lake or Pond,495368.9805,5003213.13,Anoka,Y,1,1.258507742,5,45.8752
2000500,Lake or Pond,492958.6663,5002514.791,Anoka,Y,1,0.62185567,1.5,32.6897
2000600,Lake or Pond,494460.8242,5001105.981,Anoka,Y,1,1.302719735,5,50.0948
2000700,Lake or Pond,491397.8256,5001777.571,Anoka,Y,1,0.558478261,1.5,54.8147
2001400,Lake or Pond,495851.354,4997586.034,Anoka,Y,0,1.590168067,4.5,79.7414
2002600,Lake or Pond,491522.891,5022022.941,Anoka,Y,1,1.073605522,3.05,39.2435
2004200,Lake or Pond,486945.324,5016905.783,Anoka,Y,1,1.898448566,10.05,51.1229
2004800,Lake or Pond,485421.6659,5014771.252,Anoka,Y,1,3.123508772,4.88,51.1716
2005300,Lake or Pond,482559.9597,5011560.083,Anoka,Y,1,2.698723268,15.8,59.2544
2008400,Lake or Pond,473061.835,5006368.734,Anoka,Y,1,2.133528421,5.06,109.9689
2009100,Lake or Pond,473692.683,5022636.811,Anoka,Y,1,2.622070253,6.4,54.8945
2065400,Lake or Pond,476386.4092,4998573.642,Anoka,Y,1,2.329690141,5.7,51.8678
3028700,Lake or Pond,291817.4582,5194740.795,Becker,Y,0,4.655283038,9.8,27.3331
3035900,Lake or Pond,278935.0158,5183810.998,Becker,Y,0,2.304486007,8.215,45.4778
3036000,Lake or Pond,280357.3017,5184987.564,Becker,Y,0,2.666774458,4.9,37.7049
3036300,Lake or Pond,282167.9589,5184513.077,Becker,Y,0,3.076574074,6.4,75.4711
3037700,Lake or Pond,278329.0952,5178589.81,Becker,Y,0,2.353666667,3.1,32.4903
3038100,Lake or Pond,283887.3869,5185648.39,Becker,Y,0,3.245002198,7.77,75.4711
3038600,Lake or Pond,284071.2023,5195154.076,Becker,Y,0,2.644978641,6.705,35.2217
3038700,Lake or Pond,282239.0987,5194814.211,Becker,Y,0,2.6924,3.3528,35.2056
3047500,Lake or Pond,278686.5035,5180620.475,Becker,Y,0,2.997572292,6.7,58.4443
3050000,Lake or Pond,272108.1911,5181382.431,Becker,Y,0,3.909420905,6.7,27.6587
3050300,Lake or Pond,273249.5288,5180367.732,Becker,Y,0,3.955167273,6.71,33.2254
3057600,Lake or Pond,266513.5936,5183835.341,Becker,Y,0,5.343870615,12.115,40.0909
3058200,Lake or Pond,263241.1885,5180061.453,Becker,Y,0,3.096254902,6.705,44.5934
3058800,Lake or Pond,260951.9244,5185361.482,Becker,Y,0,2.370292408,6.2,27.6805
3059500,Lake or Pond,262694.9827,5184504.816,Becker,Y,0,2.334433657,5.79,29.3227
3060200,Lake or Pond,262768.0881,5182869.397,Becker,Y,0,3.482405122,6.4,29.3227
4000700,Lake or Pond,386010.2932,5261705.448,Beltrami,Y,0,2.02823,5.18,30.0221
4001100,Lake or Pond,389881.5343,5266872.332,Beltrami,Y,0,3.813155556,5.49,18.0134
4001500,Lake or Pond,384244.5832,5262691.001,Beltrami,Y,0,2.488284444,3.4,15.8043
4003000,Lake or Pond,383263.2813,5253299.763,Beltrami,Y,0,3.376936073,6.4,36.0916
4003100,Lake or Pond,383397.8927,5264660.4,Beltrami,Y,0,2.16488,2.44,19.0518
4003200,Lake or Pond,385138.8669,5268671.869,Beltrami,Y,0,2.95439931,5.94,10.0108
4003501,Lake or Pond,368558.644,5332400.218,Beltrami,Y,0,0.79764527,1.52,12.7009
4003800,Lake or Pond,375450.7932,5257031.407,Beltrami,Y,0,3.332047664,5.5,32.8712
4004200,Lake or Pond,382452.2371,5257389.436,Beltrami,Y,0,3.59,4.9,25.4363
4006900,Lake or Pond,378765.6053,5287832.935,Beltrami,Y,0,2.660000296,7.32,54.815
4007900,Lake or Pond,372571.4264,5253089.475,Beltrami,Y,0,3.015633793,6.4,34.9738
4013500,Lake or Pond,363943.0974,5273006.728,Beltrami,Y,0,3.757906006,6.25,53.0268
4014100,Lake or Pond,357379.936,5255916.258,Beltrami,Y,0,2.9446,3.96,88.1549
4014200,Lake or Pond,356225.2552,5254664.925,Beltrami,Y,0,2.532378049,6.25,40.1803
4015900,Lake or Pond,359651.8685,5275509.018,Beltrami,Y,0,3.315811554,6.71,43.7931
5001300,Lake or Pond,409065.841,5064907.184,Benton,Y,0,0.786390981,3.8,38.7275
7004400,Lake or Pond,435926.3612,4893233.802,Blue Earth,Y,1,1.493440485,6.8,73.1354
7005400,Lake or Pond,433248.5622,4895737.786,Blue Earth,Y,1,1.2991152,3.81,65.8484
7007900,Lake or Pond,417777.2175,4857511.654,Blue Earth,Y,1,1.350859353,3.1,20.2353
9000800,Lake or Pond,541359.8476,5163533.842,Carlton,Y,1,3.826360935,6.4,47.826
9003400,Lake or Pond,524769.8395,5149446.059,Carlton,Y,1,2.778178621,7,76.0069
9003500,Lake or Pond,524728.5726,5147797.757,Carlton,Y,1,3.612104455,13,66.8005
10000200,Lake or Pond,458766.2128,4964838.5,Carver,Y,1,2.220684103,9.7,92.216
10000500,Lake or Pond,453295.2316,4959665.599,Carver,Y,1,3.527896552,9.1,74.5059
10000600,Lake or Pond,458129.278,4969419.185,Carver,Y,1,1.534992195,4.6,126.0616
10000700,Lake or Pond,455808.8316,4969527.077,Carver,Y,1,1.438565401,6.9,58.2076
10000900,Lake or Pond,451923.2334,4969723.697,Carver,Y,1,2.677137166,8.23,83.788
10001200,Lake or Pond,455777.7334,4968803.557,Carver,Y,1,2.898924675,7.2,25.6257
10001300,Lake or Pond,457234.7434,4966615.391,Carver,Y,1,1.457567917,4.75,110.723
10001500,Lake or Pond,450035.3473,4970489.965,Carver,Y,1,1.476571503,4,89.2722
10001800,Lake or Pond,448964.4579,4969387.824,Carver,Y,1,1.780411765,5.5,67.7221
10001900,Lake or Pond,449417.4961,4965063.183,Carver,Y,1,2.168862253,7,69.6609
10002900,Lake or Pond,441319.1837,4959435.693,Carver,Y,0,0.79807218,3.585,4.9428
10004100,Lake or Pond,447386.2309,4970187.927,Carver,Y,1,2.878928462,8.83,40.9
10004200,Lake or Pond,442272.4131,4970141.587,Carver,Y,1,1.067381643,5.4,18.1459
10004300,Lake or Pond,443758.2643,4968752.578,Carver,Y,1,1.208,2.75,2.9742
10004400,Lake or Pond,445713.504,4968365.055,Carver,Y,1,1.6764,2.1336,31.4563
10004401,Lake or Pond,445173.1132,4968516.596,Carver,N,1,2.742178218,7.15,31.4563
10004402,Lake or Pond,446245.3759,4968215.903,Carver,N,1,1.603873874,4.3,47.9126
10004500,Lake or Pond,447920.1069,4968362.151,Carver,Y,1,2.200882353,7.14,64.3282
10004700,Lake or Pond,446838.2232,4967089.288,Carver,Y,1,1.989560976,3.95,68.87
10004800,Lake or Pond,446667.9857,4965550.873,Carver,Y,1,1.275933409,7.6,45.0392
10005200,Lake or Pond,441004.181,4965322.65,Carver,Y,1,1.690663725,6,35.0387
10005300,Lake or Pond,444817.34620000003,4964659.238,Carver,Y,1,2.575627976,6.1,29.2657
10005600,Lake or Pond,446398.2862,4970816.85,Carver,Y,1,2.66085913,5.4,22.3999
10005900,Lake or Pond,438075.9935,4968663.038,Carver,Y,1,2.542670505,7.435,77.877
10008400,Lake or Pond,436404.8982,4966513.274,Carver,Y,1,1.625412903,4.2,77.0026
10008800,Lake or Pond,430824.8051,4962821.211,Carver,Y,1,1.483132222,4.8,38.0517
10009500,Lake or Pond,435332.1947,4975508.943,Carver,Y,1,0.656095041,3.05,24.8976
10012100,Lake or Pond,426089.4332,4962103.69,Carver,Y,1,1.13098961,4.6,25.3988
10021700,Lake or Pond,452122.0698,4964493.94,Carver,Y,1,0.502546584,2.2,83.5571
10021800,Lake or Pond,452183.4779,4963730.543,Carver,Y,1,0.952101064,3.5,134.1676
11004300,Lake or Pond,426418.8324,5184036.604,Cass,Y,1,3.132666667,4.2672,42.0876
11005900,Lake or Pond,424640.5596,5191221.724,Cass,Y,1,3.907021424,6.4,42.9057
11014700,Lake or Pond,409709.2635,5254913.136,Cass,Y,0,3.323991379,7.3152,15.8709
11017400,Lake or Pond,406494.4613,5204100.535,Cass,Y,1,4.401081928,6.7,58.7442
11019000,Lake or Pond,408541.7348,5213440.252,Cass,Y,1,2.322061538,3.2004,16.4794
11020300,Lake or Pond,393301.8298,5224079.882,Cass,Y,1,2.810240606,4.370832,31.4444
11021800,Lake or Pond,396864.3148,5153469.615,Cass,Y,0,2.835809855,5.64,42.549
11022000,Lake or Pond,397864.731,5152967.374,Cass,Y,0,2.8967875,4.11,40.768
11022100,Lake or Pond,397492.8762,5152298.523,Cass,Y,0,2.534444444,3,24.583
11022200,Lake or Pond,395341.3178,5149852.636,Cass,Y,0,1.585073289,2.82,53.7987
11024200,Lake or Pond,399816.3886,5189744.842,Cass,Y,0,4.217837073,5.7925,42.4185
11041300,Lake or Pond,379995.5875,5203131.88,Cass,Y,0,5.683223621,8.2,60.5099
11041500,Lake or Pond,381379.0709,5245728.339,Cass,Y,0,4.547634286,7.16,36.0916
11050400,Lake or Pond,374536.1569,5235936.146,Cass,Y,0,3.913847574,5.85,45.0482
13001200,Lake or Pond,510061.2344,5022998.956,Chisago,Y,1,1.29032,1.88976,69.7822
13002700,Lake or Pond,513928.7285,5025024.402,Chisago,Y,1,1.617435219,11.5,65.8926
13002800,Lake or Pond,511252.3632,5025541.195,Chisago,Y,1,2.58152,14,94.29
13003500,Lake or Pond,511681.6662,5027050.972,Chisago,Y,1,2.727339592,16,85.0612
13004100,Lake or Pond,507794.9071,5021119.054,Chisago,Y,1,1.34112,1.9812,59.167
13004700,Lake or Pond,507364.8165,5023592.414,Chisago,Y,1,0.809090909,1,39.7001
13005300,Lake or Pond,504118.6705,5018585.514,Chisago,Y,1,1.676807066,3.403333333,47.079
13005400,Lake or Pond,504970.0236,5017716.528,Chisago,Y,0,1.674672131,3.1,51.8488
13006800,Lake or Pond,497323.9996,5047449.589,Chisago,Y,1,3.227443721,11.5,54.7363
13008300,Lake or Pond,493884.1058,5053385.429,Chisago,Y,1,1.71704,2.10312,29.7304
14000400,Lake or Pond,257177.065,5211347.049,Clay,Y,0,3.137236364,3.9,5.3236
15008100,Lake or Pond,318812.9639,5266860.09,Clearwater,Y,0,3.076571969,4.88,101.1057
16002500,Lake or Pond,721550.6361,5326261.372,Cook,Y,0,0.6,0.6,0
16002600,Lake or Pond,719551.9508,5326981.356,Cook,Y,0,3.0108,5.49,10.6668
16002700,Lake or Pond,718155.7151,5326381.303,Cook,Y,0,4.753024533,7.75,19.954
16002900,Lake or Pond,716059.7318,5320181.334,Cook,Y,0,2.70824,3.96,9.6534
16004100,Lake or Pond,711256.4998,5327125.628,Cook,Y,0,5.438945455,6.86,0.156
16004900,Lake or Pond,711433.8809,5305750.799,Cook,Y,0,5.518451852,9.5,22.1154
16007700,Lake or Pond,710866.8332,5320336.41,Cook,Y,0,4.588785172,6.3,14.9628
16014100,Lake or Pond,700264.646,5327485.593,Cook,Y,0,4.181933333,5.94,0.1571
16014300,Lake or Pond,692819.6986,5299897.091,Cook,Y,0,3.01294363,5.94,44.0453
16014700,Lake or Pond,694690.9891,5325415.02,Cook,Y,0,5.617156522,7.47,22.0089
16035600,Lake or Pond,671881.7594,5330298.623,NOT IN MN,Y,0,4.773283761,7.5,18.2754
18003400,Lake or Pond,434226.7928,5137763.416,Crow Wing,Y,1,4.390224726,9.246666667,58.6131
18003800,Lake or Pond,429742.1407,5138255.585,Crow Wing,Y,1,3.76381106,6.1,32.691
18004100,Lake or Pond,430581.7008,5135503.956,Crow Wing,Y,1,4.9276,5.6388,44.3127
18004400,Lake or Pond,430599.9309,5134093.648,Crow Wing,Y,1,4.322330435,6.4,32.323
18005000,Lake or Pond,429600.3497,5133574.872,Crow Wing,Y,1,3.815045685,7.16,42.1416
18009000,Lake or Pond,429052.0004,5147848.052,Crow Wing,Y,0,4.58411866,7.6,119.9252
18009600,Lake or Pond,420107.439,5129044.926,Crow Wing,Y,1,2.19342385,6.85,44.2378
18013900,Lake or Pond,419150.0305,5146593.465,Crow Wing,Y,0,3.118538182,5.4,33.311
18014000,Lake or Pond,418609.6165,5151063.495,Crow Wing,Y,0,3.60024,4.9,15.3924
18014500,Lake or Pond,410275.1121,5137108.826,Crow Wing,Y,0,2.282021333,5.6,86.2031
18018500,Lake or Pond,430006.1245,5176629.105,Crow Wing,Y,1,1.724035714,4.42,25.7684
18020300,Lake or Pond,427718.5976,5175046.162,Crow Wing,Y,1,1.592363842,4.2,49.2235
18021200,Lake or Pond,427186.2071,5177734.199,Crow Wing,Y,1,5.241206504,7.8,42.2696
18024200,Lake or Pond,417711.3332,5156192.006,Crow Wing,Y,1,3.342362483,9.4,31.4841
18024300,Lake or Pond,415630.3528,5153837.506,Crow Wing,Y,1,2.883679918,8.53,24.1841
18026100,Lake or Pond,415358.0286,5165356.307,Crow Wing,Y,1,3.243943662,5.2,29.0417
18026600,Lake or Pond,418310.1492,5172750.725,Crow Wing,Y,0,2.830850413,4.4,30.2771
18026900,Lake or Pond,413376.0051,5173541.482,Crow Wing,Y,0,4.353151648,6.1,54.4162
18027100,Lake or Pond,416416.5685,5171244.969,Crow Wing,Y,0,2.651096154,5.18,54.5322
18030500,Lake or Pond,410990.0523,5151343.007,Crow Wing,Y,0,4.303095502,8.84,61.3463
18030800,Lake or Pond,409892.1777,5158721.538,Crow Wing,Y,0,5.198569281,11,62.903
18031000,Lake or Pond,406667.6424,5171605.624,Crow Wing,Y,0,3.298685712,6.7,30.7926
18031100,Lake or Pond,413256.7257,5171582.557,Crow Wing,Y,0,4.303714286,6.58,45.3602
18031200,Reservoir,413544.6229,5168506.174,Crow Wing,Y,0,4.013248,6.1,63.5738
18031500,Lake or Pond,411377.8286,5174447.122,Crow Wing,Y,0,4.341953271,6.86,47.6807
18032000,Lake or Pond,408503.2609,5137761.205,Crow Wing,Y,0,4.2164,4.572,87.4742
18035200,Lake or Pond,407968.671,5164910.829,Crow Wing,Y,1,5.44638033,8.5,40.3373
18035400,Lake or Pond,409402.1046,5169843.269,Crow Wing,Y,0,3.917602469,7.2,32.2135
18035500,Lake or Pond,404105.3968,5168563.586,Crow Wing,Y,0,3.668894382,7.01,37.9752
18035600,Lake or Pond,405896.6554,5168926.827,Crow Wing,Y,0,4.320764835,7,40.1336
18036100,Lake or Pond,408079.8431,5167323.115,Crow Wing,Y,1,4.896706667,7.0104,42.9196
18036600,Lake or Pond,407066.8436,5174336.342,Crow Wing,Y,0,2.241877778,4,11.459
18037200,Lake or Pond,404626.3181,5143503.451,Crow Wing,Y,0,4.354277229,10.67,57.0502
18037300,Lake or Pond,401478.3842,5145709.807,Crow Wing,Y,0,3.27244882,8.9,83.3935
18037400,Lake or Pond,402909.9803,5151751.145,Crow Wing,Y,0,2.896766026,4.572,52.2278
18037500,Lake or Pond,402764.8861,5148896.487,Crow Wing,Y,0,4.541807746,9.1,59.5022
18037700,Lake or Pond,403254.0578,5156211.881,Crow Wing,Y,0,3.858911184,7.77,36.4583
18037800,Lake or Pond,401702.74,5169204.288,Crow Wing,Y,0,4.492374026,8.4,38.4153
18037900,Lake or Pond,400900.5526,5134064.359,Crow Wing,Y,1,3.421818993,4.88,97.1958
18038800,Lake or Pond,398751.4402,5143706.718,Crow Wing,Y,0,2.942133333,3.7,39.6857
18039800,Lake or Pond,398631.2321,5152265.129,Crow Wing,Y,0,2.8652,3.96,45.3259
18039900,Lake or Pond,400480.8929,5152573.331,Crow Wing,Y,0,2.3918,3.9624,80.9011
18040300,Lake or Pond,401033.4555,5154735.225,Crow Wing,Y,0,3.905236379,7.92,63.0523
18041200,Lake or Pond,400305.0316,5166294.402,Crow Wing,Y,0,2.312960677,5.79,41.0234
18043900,Mine Pit Lake,424529.2314,5148299.586,Crow Wing,Y,0,6.97992,8.8392,28.5816
18044000,Mine Pit Lake,423661.9114,5148702.242,Crow Wing,Y,0,9.0678,9.6012,28.5816
18044003,Mine Pit Lake (NF),423708.8961,5148637.564,Crow Wing,Y,0,10.88,10.88,28.5816
18044004,Mine Pit Lake (NF),423896.4501,5148918.844,Crow Wing,Y,1,10.88,10.88,28.5816
18044006,Mine Pit Lake (NF),422730.1484,5148338.675,Crow Wing,Y,0,10.88,10.88,28.5816
18044007,Mine Pit Lake (NF),422798.2559,5148735.683,Crow Wing,Y,0,9.66,9.66,28.5816
18044100,Mine Pit Lake,422941.8563,5147802.088,Crow Wing,Y,0,11.7348,12.8016,18.6657
19000300,Riverine polygon,510341.7813,4955243.501,Dakota,Y,0,0.6248,1.1,66.9898
19000400,Lake or Pond,512624.8999,4954137.705,Dakota,Y,0,0.31,0.76,73.1826
19000600,Lake or Pond,501866.6055,4929171.634,Dakota,Y,0,0.7619836,1.8,34.0797
19002100,Lake or Pond,480255.7575,4954894.868,Dakota,Y,1,0.918167203,3.66,85.5335
19002500,Lake or Pond,480060.3091,4952596.85,Dakota,Y,1,1.146863469,2.8,77.6221
19002600,Lake or Pond,477617.5777,4945825.681,Dakota,Y,1,2.7432,2.7432,63.816
19002700,Lake or Pond,478881.7585,4952116.996,Dakota,Y,1,1.98214527,5.4,92.6389
19003100,Lake or Pond,475483.6171,4949787.6,Dakota,Y,1,2.571705112,6.8,44.2011
19003300,Lake or Pond,476620.9563,4954047.3,Dakota,Y,1,1.526614583,3,73.3394
19005700,Lake or Pond,487029.5739,4963190.544,Dakota,Y,1,1.955112195,6.7,104.1512
19005900,Lake or Pond,485624.2613,4962887.159,Dakota,Y,1,1.66660098,3.4,76.7696
19006200,Lake or Pond,490983.1609,4960109.623,Dakota,Y,0,1.751215311,3.35,107.9478
19006500,Lake or Pond,488728.0806,4959479.415,Dakota,Y,1,3.679050794,7.9,37.3234
19006700,Lake or Pond,486424.05,4960026.729,Dakota,Y,1,1.391927737,2.3,90.806
19007200,Lake or Pond,488700.4561,4958560.615,Dakota,Y,1,1.874242424,5.5,9.7142
19007500,Lake or Pond,489816.4206,4959014.433,Dakota,Y,1,2.439264706,4,19.0464
19007600,Lake or Pond,489828.5119,4959429.509,Dakota,Y,1,1.840947778,3.51,49.6204
19012800,Lake or Pond,484826.8036,4965763.912,Dakota,Y,1,2.456666667,5.2,23.6312
19044600,Lake or Pond,480637.2331,4951978.676,Dakota,Y,1,3.467823529,6.4,85.1868
19045600,Lake or Pond,486871.5346,4951994.458,Dakota,Y,1,0.974734884,2.5908,117.7603
21004900,Lake or Pond,318040.0777,5079812.959,Douglas,Y,0,3.374182564,7.92,48.1773
21005200,Lake or Pond,319448.2347,5085481.879,Douglas,Y,0,3.302962543,8.5,71.9184
21005400,Lake or Pond,318736.5117,5082842.145,Douglas,Y,1,3.321019827,8.2,62.5461
21005500,Lake or Pond,320921.4296,5081578.516,Douglas,Y,0,1.759939003,5.03,29.4784
21005600,Lake or Pond,317887.6703,5088803.493,Douglas,Y,1,3.545205446,9.1,67.0541
21005700,Lake or Pond,317215.188,5092901.301,Douglas,Y,1,4.240989029,10.25,49.6396
21007600,Lake or Pond,321523.1318,5103440.66,Douglas,Y,0,2.582881146,6.4,35.9657
21007900,Lake or Pond,315671.7661,5072145.269,Douglas,Y,0,3.396240908,9.81456,35.2551
21008000,Lake or Pond,314192.8818,5087785.915,Douglas,Y,0,3.723580926,8.3,69.4655
21008300,Lake or Pond,316722.1265,5101316.055,Douglas,Y,0,3.778726025,9.1,33.0531
21008400,Lake or Pond,305996.4215,5078130.396,Douglas,Y,0,1.457142857,1.8,20.0841
21008500,Lake or Pond,311853.2706,5076997.897,Douglas,Y,0,2.791264723,8.23,30.0683
21009000,Lake or Pond,313247.6139,5071842.776,Douglas,Y,0,1.856152809,4.9,21.1085
21009200,Lake or Pond,307508.8103,5077772.64,Douglas,Y,0,2.153136207,7.3,33.1861
21009300,Lake or Pond,313679.8776,5088794.378,Douglas,Y,0,2.401,3.2,37.9007
21009400,Lake or Pond,312460.7705,5089020.831,Douglas,Y,0,2.716216667,4.8768,47.6689
21009500,Lake or Pond,311615.6975,5087501.285,Douglas,Y,0,3.137430894,5.7912,22.5438
21010100,Lake or Pond,311834.8802,5086654.352,Douglas,Y,0,3.720473529,6.1,27.8395
21010200,Lake or Pond,310627.3863,5086440.311,Douglas,Y,0,3.218243284,6.7,37.7545
21010300,Lake or Pond,312419.8621,5085814.668,Douglas,Y,0,4.019021538,9.4,61.5905
21010500,Lake or Pond,311605.428,5085836.461,Douglas,Y,0,3.636026087,5.94,35.6676
21010600,Lake or Pond,311121.5389,5083015.303,Douglas,Y,0,4.1148,4.572,60.3518
21010800,Lake or Pond,307891.7672,5084954.761,Douglas,Y,0,3.548489552,5.5,38.4945
21012000,Lake or Pond,313583.4425,5090624.249,Douglas,Y,0,2.529,3.96,17.2394
21012300,Lake or Pond,312720.4998,5095808.159,Douglas,Y,0,4.079306803,9.1,40.1846
21013600,Lake or Pond,308344.7202,5099831.598,Douglas,Y,1,2.418737778,3.5,16.0701
21014000,Lake or Pond,304307.8236,5074127.283,Douglas,Y,0,2.078150289,6.7,30.4775
21014400,Lake or Pond,303976.0161,5083344.352,Douglas,Y,0,2.7432,3.6576,40.4136
21014500,Lake or Pond,303428.0062,5096755.188,Douglas,Y,0,3.723582873,8.23,26.5723
21015000,Lake or Pond,302363.3386,5078019.678,Douglas,Y,0,3.083651429,5.6,30.7304
21018000,Lake or Pond,303446.5882,5080727.778,Douglas,Y,0,2.53524631,5.8,34.2202
21019700,Lake or Pond,302025.8784,5082182.333,Douglas,Y,1,2.1209,4.2672,17.9185
21020400,Lake or Pond,304532.8405,5080819.215,Douglas,Y,0,1.34112,1.34112,18.7338
21021200,Lake or Pond,299149.5745,5097179.28,Douglas,Y,0,2.493869307,5.64,12.5466
21021300,Lake or Pond,300475.829,5096249.466,Douglas,Y,0,2.271500559,5.49,22.8944
21021600,Lake or Pond,300479.3889,5094265.763,Douglas,Y,0,2.619888344,6.1,25.7729
21025700,Lake or Pond,297288.3033,5078496.162,Douglas,Y,1,1.793965714,2.4384,24.4087
21026400,Lake or Pond,296418.2982,5096711.848,Douglas,Y,0,1.627824,5.03,23.5652
22007400,Lake or Pond,413207.5862,4852371.912,Faribault,Y,1,1.068496063,4.42,38.495
25001700,Riverine polygon,525126.9261,4945526.309,Goodhue,Y,1,0.224028,0.4572,7.2697
26004000,Lake or Pond,282315.0567,5083115.95,Grant,Y,0,1.991696744,4.88,38.6108
26009500,Lake or Pond,276585.5057,5089126.645,Grant,Y,0,1.59532,3.96,52.1829
26009700,Lake or Pond,276842.437,5100689.434,Grant,Y,0,1.124089712,3,32.0378
27000100,Lake or Pond,485246.8824,4969680.489,Hennepin,Y,1,1.63068,2.286,53.1972
27001400,Lake or Pond,479718.8188,4976527.898,Hennepin,Y,1,0.971640764,5.5,127.3471
27001600,Lake or Pond,475926.2825,4974312.964,Hennepin,Y,1,3.357442975,10,130.0251
27001800,Lake or Pond,481364.3643,4974205.996,Hennepin,Y,1,1.475342122,3.47,94.7058
27001900,Lake or Pond,480883.9376,4972829.157,Hennepin,Y,1,1.316197023,4.3,126.6005
27002900,Lake or Pond,472554.9237,4968393.863,Hennepin,Y,1,0.431818182,1.2,118.2152
27003100,Lake or Pond,475395.1173,4976539.934,Hennepin,Y,1,3.894768047,9.85,110.5677
27003700,Lake or Pond,474491.7917,4980985.527,Hennepin,Y,1,2.136626812,5,89.2272
27003900,Lake or Pond,474634.7607,4978543.587,Hennepin,Y,1,2.385199375,7.6,133.9321
27004000,Lake or Pond,475792.9222,4978048.118,Hennepin,Y,1,1.68919,5.6,129.0236
27004200,Lake or Pond,473404.0426,4988323.621,Hennepin,Y,1,1.5494,2.4892,99.9197
27004700,Lake or Pond,469736.6942,4964913.818,Hennepin,Y,1,3.035027778,6.1,60.0751
27005400,Lake or Pond,471352.0058,4974428.413,Hennepin,Y,1,2.264666667,3.4,85.5032
27006500,Lake or Pond,468543.6262,4990974.709,Hennepin,Y,1,0.546103896,1.2,114.1009
27006700,Lake or Pond,466105.0326,4969539.727,Hennepin,Y,1,2.112583333,5.15,59.3242
27007000,Lake or Pond,460770.4842,4967261.896,Hennepin,Y,1,1.708861489,15.8,120.0002
27007100,Lake or Pond,461076.5578,4968472.695,Hennepin,Y,1,5.115182524,14.3,104.7277
27007800,Lake or Pond,464051.5632,4964993.522,Hennepin,Y,1,0.83356175,3.3,64.0861
27008500,Lake or Pond,461517.5469,4977112.102,Hennepin,Y,1,1.64,2.15,70.0713
27009800,Lake or Pond,465885.2662,4989149.605,Hennepin,Y,1,1.528961814,5,88.0577
27010200,Lake or Pond,465898.2701,4987509.229,Hennepin,Y,1,2.160246154,7.59,100.1694
27010400,Lake or Pond,466900.027,4983747.102,Hennepin,Y,1,1.794937626,5.79,90.5821
27010700,Lake or Pond,462812.9107,4982346.343,Hennepin,Y,1,2.7703374099999998,8.84,94.9614
27011101,Lake or Pond,467476.214,4991303.386,Hennepin,N,1,1.996732921,8,84.6445
27011102,Lake or Pond,466995.1951,4990376.854,Hennepin,N,1,1.193841667,3.38,31.8155
27011700,Lake or Pond,460555.5178,4995288.768,Hennepin,Y,1,2.827128125,10.15,97.2299
27011800,Lake or Pond,463526.1034,4993273.079,Hennepin,Y,1,1.629018901,6.7,95.5601
27013300,Lake or Pond,452854.2758,4975634.528,Hennepin,Y,1,2.8738576,5.7912,82.026
27013301,Lake or Pond,461073.933,4977962.432,Hennepin,N,1,3.488418079,7.4,62.8254
27013303,Lake or Pond,458150.0187,4974879.752,Hennepin,N,1,3.556056338,6.7,60.6226
27013304,Lake or Pond,456389.7931,4972800.373,Hennepin,N,1,3.756381579,8.7,92.5015
27013309,Lake or Pond,445616.6573,4973523.867,Hennepin,N,1,1.113213141,5.18,82.026
27013313,Lake or Pond,450967.2804,4978609.594,Hennepin,N,1,2.279338235,5.4,82.026
27013700,Lake or Pond,457113.9125,4971659.486,Hennepin,Y,1,5.84948878,10.8,73.3938
27014100,Lake or Pond,455672.4016,4978808.145,Hennepin,Y,1,1.151054217,4.75,35.1995
27014400,Lake or Pond,455421.0097,4971644.233,Hennepin,Y,1,1.4,1.7,110.2328
27016000,Lake or Pond,456036.4519,4981877.481,Hennepin,Y,1,1.227880588,4.9,81.9259
27017600,Lake or Pond,448815.4909,4986499.159,Hennepin,Y,1,1.810116312,8.11,28.3148
27017900,Lake or Pond,444227.4242,4977423.021,Hennepin,Y,1,3.81,4.572,24.5026
27018100,Lake or Pond,446298.9464,4976966.187,Hennepin,Y,1,1.300968302,5.4,58.0708
27018200,Lake or Pond,446751.4773,4975741.181,Hennepin,Y,1,0.788846154,5.47,107.1762
27018400,Lake or Pond,442848.8053,4976179.27,Hennepin,Y,1,1.0287,1.2192,14.8031
27018500,Lake or Pond,445377.5584,4975313.024,Hennepin,Y,1,1.422820513,4.2,46.72
27018600,Lake or Pond,441467.0802,4971497.597,Hennepin,N,1,0.47754386,1.37,33.2341
27019100,Lake or Pond,446361.5954,4990339.756,Hennepin,Y,1,0.816864,1.0668,34.6677
27019101,Lake or Pond,445668.572,4990708.434,Hennepin,N,1,1.542739044,7.4,34.6677
27019102,Lake or Pond,447556.8013,4989703.924,Hennepin,N,1,1.297797101,7.6,34.6677
27019200,Lake or Pond,441575.5256,4990431.648,Hennepin,Y,1,1.729205602,7.4,31.6293
27104501,Lake or Pond,471802.661,4966340.02,Hennepin,Y,1,1.528571429,2.9,81.196
29004800,Lake or Pond,371658.4047,5222011.591,Hubbard,Y,0,3.522683721,5.5,64.0984
29006100,Lake or Pond,367691.9654,5231870.433,Hubbard,Y,0,3.82049313,8.2,58.0623
29007700,Lake or Pond,358410.8128,5191429.958,Hubbard,Y,0,1.528887066,4.27,51.9494
29007800,Lake or Pond,357937.0538,5192953.004,Hubbard,Y,0,2.360611765,3.05,33.3566
29008500,Lake or Pond,357058.4482,5188840.907,Hubbard,Y,0,2.315985,5.2,37.9653
29008600,Lake or Pond,359521.9609,5188615.409,Hubbard,Y,0,1.343525874,2.7432,11.8574
29014200,Lake or Pond,354539.2835,5185669.763,Hubbard,Y,0,2.614439024,6.4,52.4331
29014800,Lake or Pond,353575.5964,5211697.368,Hubbard,Y,0,4.600266222,9.814,39.5883
29015700,Lake or Pond,345319.7333,5185858.651,Hubbard,Y,0,2.05166875,2.9,33.1724
29016100,Lake or Pond,347737.15870000003,5194997.873,Hubbard,Y,0,3.074604975,5.18,55.9394
29020800,Lake or Pond,351931.1491,5216553.785,Hubbard,Y,1,4.66787234,7.92,28.4016
29021600,Lake or Pond,350364.104,5228558.056,Hubbard,Y,0,3.175925926,6.4,53.3747
30002200,Lake or Pond,488125.7097,5046730.016,Isanti,Y,1,1.643534239,4.27,51.6175
30004300,Lake or Pond,485448.7306,5044651.955,Isanti,Y,1,1.7543003129999999,4.1,75.0919
30007200,Lake or Pond,473012.8948,5035701.332,Isanti,Y,1,0.650674965,2.4,70.9308
30011400,Lake or Pond,462025.5171,5038711.519,Isanti,Y,1,1.158189091,2.5,30.3607
30013500,Lake or Pond,468358.0874,5046740.91,Isanti,Y,1,4.205536,8.29,77.0468
30013600,Lake or Pond,465683.0125,5046744.036,Isanti,Y,1,1.8519688,7.2,61.7294
31002000,Lake or Pond,488749.0823,5233642.341,Itasca,Y,0,3.105911111,4.19,28.5857
31019000,Lake or Pond,476043.1676,5239325.143,Itasca,Y,1,3.937785366,5.64,35.1247
31019100,Lake or Pond,475734.9307,5238414.911,Itasca,Y,1,3.768225067,5.6,35.1247
31021600,Lake or Pond,469380.4371,5234113.011,Itasca,Y,0,5.239635744,11.5,49.3448
31022700,Lake or Pond,473329.8889,5239240.406,Itasca,Y,0,3.7792,6.5,28.8216
31037000,Lake or Pond,459656.0002,5233546.116,Itasca,Y,1,2.609725926,4.3,68.4633
31037200,Lake or Pond,460063.4624,5232616.422,Itasca,Y,1,4.188910112,7.47,128.072
31037300,Lake or Pond,458525.5407,5232579.362,Itasca,Y,1,4.792315862,7.32,64.1234
31052400,Lake or Pond,457860.9823,5285088.204,Itasca,Y,1,4.572,4.572,9.8727
31053200,Lake or Pond,456057.801,5225983.682,Itasca,Y,0,4.6101,5.334,55.7086
31053300,Reservoir,457641.0855,5231390.569,Itasca,Y,0,2.5918,3.05,94.2346
31053800,Lake or Pond,456550.8106,5259549.757,Itasca,Y,0,3.172771111,6.55,6.7908
31056100,Riverine polygon,449660.4838,5233681.165,Itasca,Y,0,0.61,0.61,7.2988
31065300,Lake or Pond,449977.6008,5266928.058,Itasca,Y,0,4.058147416,6.1,41.3129
31081300,Lake or Pond,431725.2633,5265259.364,Itasca,Y,0,2.420172308,7,21.7539
31081700,Lake or Pond,427614.7255,5259205.323,Itasca,Y,0,0.91,0.91,0
31082400,Lake or Pond,427002.9179,5270350.243,Itasca,Y,0,3.03,3.81,33.2023
31082600,Lake or Pond,424231.5259,5274125.994,Itasca,Y,0,3.239904189,7.9,33.2023
31083400,Lake or Pond,426211.3959,5273022.186,Itasca,Y,0,2.825,3.05,4.3694
31085000,Lake or Pond,422797.9308,5252070.903,Itasca,Y,0,2.948106667,5.15,3.1314
31085300,Lake or Pond,422800.7791,5277646.168,Itasca,Y,0,2.076428571,3.5,33.7578
31087600,Lake or Pond,420998.2066,5279931.702,Itasca,Y,0,0.96,1.16,8.5871
31088200,Lake or Pond,421590.1698,5288067.402,Itasca,Y,0,2.878559459,4.3,36.7086
31092300,Lake or Pond,401497.0971,5259913.072,Itasca,Y,0,1.22,1.22,0
31092500,Lake or Pond,399937.9201,5258869.01,Itasca,Y,0,0.91,0.91,0
32002000,Lake or Pond,330437.9296,4822561.825,Jackson,Y,0,0.522945161,2.19,22.616
32002200,Lake or Pond,331870.3503,4832529.404,Jackson,Y,0,0.612380658,1.52,41.5027
32002400,Lake or Pond,327926.8784,4818177.817,NOT IN MN,Y,0,0.888031333,2.7,27.5183
32003300,Lake or Pond,329035.8345,4821550.998,Jackson,Y,0,0.66602,1.49352,35.6086
32006900,Lake or Pond,303383.5305,4825821.887,Jackson,Y,0,0.479175789,1.5,35.9402
33002800,Lake or Pond,476827.2225,5091724.46,Kanabec,Y,1,1.061242409,1.98,49.6077
34004400,Lake or Pond,355340.398,5004969.631,Kandiyohi,Y,0,1.952318857,7.62,46.4028
34006200,Lake or Pond,356269.3698,5014908.33,Kandiyohi,Y,1,1.414248763,2.6,34.6453
34007900,Lake or Pond,350494.5844,5012745.954,Kandiyohi,Y,1,3.74181858,8.5,91.891
34011600,Lake or Pond,343572.316,5010503.949,Kandiyohi,Y,1,3.755335229,7.3914,65.1498
34011900,Lake or Pond,347375.7174,5008251.812,Kandiyohi,Y,1,3.80675392,7.6,52.3481
34014200,Lake or Pond,344269.1966,5011792.452,Kandiyohi,Y,0,3.862976895,8.84,79.7803
34015400,Lake or Pond,345671.7667,5013706.138,Kandiyohi,Y,0,2.319991258,6.4,68.3543
34017100,Lake or Pond,342810.4961,5005421.733,Kandiyohi,Y,0,2.218226036,9,87.0372
34020600,Lake or Pond,339783.6144,5019417.286,Kandiyohi,Y,1,2.897784615,6.71,56.9242
34020700,Lake or Pond,338927.5251,5020826.995,Kandiyohi,Y,0,1.68,1.68,31.6237
34021700,Lake or Pond,338585.3168,5013040.328,Kandiyohi,Y,1,2.932885854,5.79,25.9675
34022300,Lake or Pond,337673.2587,5021272.219,Kandiyohi,Y,0,1.595,2.29,16.1932
34022400,Lake or Pond,335557.2878,5022013.706,Kandiyohi,Y,1,2.298534347,4.27,39.8062
34025100,Lake or Pond,333757.1191,5020656.366,Kandiyohi,Y,1,0.98298,1.3716,27.6919
37004600,Riverine polygon,266423.299,4997308.188,Lac Qui Parle,Y,0,0.530352,1.524,24.0711
38002400,Lake or Pond,644608.0035,5274361.588,Lake,Y,0,3.05202,4.8768,18.7387
38064500,Lake or Pond,609688.1002,5328635.465,NOT IN MN,Y,0,3.309527053,12,0
38078400,Lake or Pond,595266.0798,5315278.314,Lake,Y,0,1.7272,2.1336,0
38081100,Lake or Pond,593897.9018,5311483.06,Lake,Y,0,1.759186885,3.7,37.0853
38081700,Lake or Pond,588797.8836,5338686.751,Lake,Y,0,2.762704033,5.9,0
39000200,Lake or Pond,338609.9407,5439997.68,NOT IN MN,Y,0,1.032109758,1.7526,10.3408
40000100,Lake or Pond,457883.6961,4901324.552,Le Sueur,Y,0,1.3073104,4.572,30.4496
40000200,Lake or Pond,456956.1441,4897204.745,Le Sueur,Y,1,1.276628955,4.6,68.9313
40003100,Lake or Pond,451494.0362,4897656.66,Le Sueur,Y,1,1.787206184,7.165,67.703
40005600,Lake or Pond,445858.5156,4895763.061,Le Sueur,Y,1,1.237417971,3.8,88.5751
40005700,Lake or Pond,443782.8406,4895499.777,Le Sueur,Y,1,2.313318222,6.86,83.7379
40006300,Lake or Pond,442012.6682,4902673.112,Le Sueur,Y,1,1.614943182,5.43,48.5647
40009201,Lake or Pond,439258.8941,4902672.794,Le Sueur,N,1,1.7952689,7.01,49.4781
40009202,Lake or Pond,434161.9817,4902634.203,Le Sueur,N,1,1.106397473,4.9,56.1054
43011500,Lake or Pond,384608.1316,4981220.783,McLeod,Y,1,0.635248,2.1336,13.9711
44001400,Lake or Pond,299802.1232,5234429.728,Mahnomen,Y,0,3.092527138,6.4,38.9627
44008000,Lake or Pond,295131.1182,5227661.686,Mahnomen,Y,0,3.497297297,7.1,48.015
47001600,Lake or Pond,397682.8202,4984758.743,Meeker,Y,1,0.924678571,2.4,29.1729
47004600,Lake or Pond,391692.6105,4991589.911,Meeker,Y,1,1.24409581,4.4,39.5563
47005000,Lake or Pond,386200.9021,4990291.544,Meeker,Y,1,2.691745653,19,39.1464
47006400,Lake or Pond,388068.5447,4985112.44,Meeker,Y,1,1.717722105,2.7432,17.4219
47006800,Lake or Pond,388272.9758,4991350.201,Meeker,Y,1,2.372684007,8.53,36.2851
47009500,Lake or Pond,386631.837,5014501.227,Meeker,Y,1,0.764509613,3.4,35.443600000000004
47009600,Lake or Pond,387992.0121,5014352.466,Meeker,Y,1,2.478166667,4.57,33.1617
47011900,Lake or Pond,379681.4188,4988074.996,Meeker,Y,1,4.245685358,9.14,55.1627
48000200,Lake or Pond,450184.7693,5121183.206,Mille Lacs,Y,1,3.446957241,7.01,69.1301
48000900,Lake or Pond,447953.4947,5103456.856,Mille Lacs,Y,0,0.859166667,1.1,51.233
48001200,Lake or Pond,444369.8722,5106296.166,Mille Lacs,Y,0,1.635155556,2.8,19.4871
48001400,Lake or Pond,440235.6818,5110611.134,Mille Lacs,Y,0,1.558461538,1.9,10.7289
49007900,Lake or Pond,381077.5664,5118258.595,Morrison,Y,1,4.776182192,9.14,47.5787
49012700,Lake or Pond,376302.7987,5123588.8,Morrison,Y,1,4.508631356,8.23,42.2559
49013300,Lake or Pond,375806.5358,5122430.188,Morrison,Y,1,2.805257644,4.72,62.5897
49013700,Lake or Pond,375254.415,5118866.339,Morrison,Y,0,3.622018529,8.69,49.478
49014000,Lake or Pond,372932.1521,5074678.899,Morrison,N,1,4.001053755,12,40.1805
51006300,Lake or Pond,278703.832,4892734.895,Murray,Y,0,0.608394955,2.18,31.9657
53000700,Lake or Pond,297763.8488,4820719.372,Nobles,Y,0,1.205816,3.7,19.6368
55000400,Lake or Pond,541899.2482,4892807.898,Olmsted,Y,0,1.480900046,5.5,40.5543
56003100,Lake or Pond,319624.7303,5111942.115,Otter Tail,Y,0,1.97898087,4.57,53.8102
56013800,Lake or Pond,303608.1262,5130037.204,Otter Tail,Y,0,3.840104497,8,40.2453
56014100,Lake or Pond,305895.6136,5151261.809,Otter Tail,Y,0,2.011050431,3.66,41.6569
56021400,Lake or Pond,301577.2712,5151439.133,Otter Tail,Y,0,2.017871549,4.42,56.0003
56023900,Lake or Pond,295212.9388,5130235.611,Otter Tail,Y,0,3.909215145,6.606666667,55.873
56024000,Lake or Pond,295386.1257,5136154.829,Otter Tail,Y,0,3.753651612,11.6,27.024
56024100,Lake or Pond,295206.2015,5133887.244,Otter Tail,Y,0,5.117642353,10.67,25.8161
56024200,Lake or Pond,295396.1807,5141837.833,Otter Tail,Y,0,3.536935535,6.7,59.7291
56025300,Lake or Pond,292205.7977,5116544.687,Otter Tail,Y,0,5.780635016,9.14,47.3939
56029800,Lake or Pond,287043.2799,5137694.035,Otter Tail,Y,0,3.480729867,5.5,44.4474
56030300,Lake or Pond,294291.8199,5132592.929,Otter Tail,Y,0,3.981916522,5.5,31.7553
56031000,Lake or Pond,294309.7665,5145902.279,Otter Tail,Y,0,2.204148546,5.2,27.5452
56031100,Lake or Pond,292144.5728,5147327.313,Otter Tail,Y,0,1.22,1.22,11.4594
56032800,Lake or Pond,292841.2557,5165427.663,Otter Tail,Y,0,6.205624896,10.605,32.2192
56033500,Lake or Pond,293242.2962,5163862.102,Otter Tail,Y,0,6.676301156,13.72,35.6761
56036000,Lake or Pond,289919.2151,5172617.615,Otter Tail,Y,0,3.513416918,6.1,32.0405
56037800,Lake or Pond,285340.1894,5137540.245,Otter Tail,Y,0,2.86512,3.2004,44.4474
56038300,Lake or Pond,288040.9302,5150577.124,Otter Tail,Y,0,2.851681712,6.71,30.9364
56038500,Lake or Pond,284180.1343,5155819.085,Otter Tail,Y,0,4.105107076,8.075,35.4491
56038601,Lake or Pond,288008.3708,5162335.129,Otter Tail,Y,0,4.974238992,11.58,34.2435
56038602,Lake or Pond,286349.1004,5162510.725,Otter Tail,Y,0,5.075180135,10.985,35.2293
56038603,Lake or Pond,288646.7991,5160828.805,Otter Tail,Y,0,4.28554742,9.14,28.9729
56038700,Lake or Pond,286917.2975,5167359.656,Otter Tail,Y,0,5.079912681,8.736666667,51.9574
56043700,Lake or Pond,281809.2143,5121062.154,Otter Tail,Y,0,3.16920375,8.76,29.4997
56048100,Lake or Pond,278556.1707,5140718.383,Otter Tail,Y,0,3.15,4.3,25.0936
56050100,Lake or Pond,280894.8262,5165952.842,Otter Tail,Y,0,4.293231034,7.32,40.2743
56051700,Lake or Pond,281533.6946,5159380.645,Otter Tail,Y,0,5.735125412,10.36,34.0585
56052200,Lake or Pond,286092.5699,5159141.305,Otter Tail,Y,0,1.976865455,5.5,26.3014
56052300,Lake or Pond,283697.6203,5167749.001,Otter Tail,Y,0,3.31378406,5.03,65.2463
56057300,Lake or Pond,277831.055,5142467.382,Otter Tail,Y,0,3.7,3.7,9.2301
56058900,Lake or Pond,268052.0919,5117683.966,Otter Tail,Y,0,1.646666667,4,21.4811
56060400,Lake or Pond,270042.7572,5114970.671,Otter Tail,Y,0,1.421428571,2,24.014
56061300,Lake or Pond,270816.1172,5112293.288,Otter Tail,Y,0,2.39050416,6.1,42.174
56071100,Riverine polygon,270094.9629,5141512.691,Otter Tail,Y,0,3.197126667,4,36.901
56074900,Lake or Pond,274084.6458,5166607.651,Otter Tail,Y,0,3.42765977,7.8,59.0366
56075900,Lake or Pond,272530.1098,5169816.322,Otter Tail,Y,0,3.132495738,6.9,41.7292
56076100,Lake or Pond,274629.2466,5176958.252,Otter Tail,Y,0,2.595694864,5.8,51.6239
56076800,Lake or Pond,270092.3085,5173742.976,Otter Tail,Y,0,4.370063079,8.5,54.5075
56077000,Lake or Pond,269769.2473,5174475.133,Otter Tail,Y,0,3.750885167,6.6,54.5075
56078100,Lake or Pond,268161.7436,5122940.906,Otter Tail,Y,0,3.586146963,5.94,50.7404
56078200,Lake or Pond,266497.3793,5132394.32,Otter Tail,Y,0,2.453629091,4.57,54.1411
56078300,Lake or Pond,266760.4879,5131303.119,Otter Tail,Y,0,3.218995556,4.6,43.6683
56078400,Lake or Pond,265328.1151,5146405.674,Otter Tail,Y,0,3.358389167,7.32,40.3624
56078600,Lake or Pond,268870.6003,5176424.686,Otter Tail,Y,0,3.872203999,9.433333333,54.5075
56082400,Reservoir,259394.8224,5125914.994,Otter Tail,Y,0,1.65656,3.7,14.4212
56087700,Lake or Pond,265577.304,5144303.236,Otter Tail,Y,0,3.543620901,6.1,38.3779
56091500,Lake or Pond,264714.749,5165426.333,Otter Tail,Y,0,3.038622857,5.67,43.0403
56094500,Lake or Pond,256413.549,5123168.446,Otter Tail,Y,0,1.373084,2.1,13.0995
56163600,Lake or Pond,291304.3177,5166006.26,Otter Tail,Y,0,5.90242268,9.4,23.6048
56164100,Lake or Pond,292074.7088,5163846.067,Otter Tail,Y,0,2.836363636,4.3,39.522
58006700,Lake or Pond,518683.0705,5136156.703,Pine,Y,1,4.411078259,8.1,62.6014
58008100,Lake or Pond,517185.959,5140120.847,Pine,Y,1,3.193642554,5.2,95.3389
58011900,Lake or Pond,504340.4653,5077660.977,Pine,Y,1,1.119950374,2.1,72.6859
58014200,Lake or Pond,496876.4254,5076789.59,Pine,Y,1,1.065306409,2.74,32.746
60021700,Lake or Pond,268555.7498,5276528.904,Polk,Y,1,2.971349792,8.1,37.534
61004100,Lake or Pond,316412.2831,5035955.235,Pope,Y,1,2.869531341,6.4,53.8255
61006400,Lake or Pond,321653.1541,5061812.394,Pope,Y,0,3.770220354,8.23,71.178
61007200,Lake or Pond,315160.4219,5038506.573,Pope,Y,1,1.50344411,5.5,34.3127
61007800,Lake or Pond,311605.1734,5067966.707,Pope,Y,0,2.393301245,6.86,23.7331
61011100,Lake or Pond,308608.5362,5057422.045,Pope,Y,0,1.497417492,4.88,51.2577
61013000,Lake or Pond,308943.2644,5054513.602,Pope,Y,1,2.902281501,6.325,73.0834
61014900,Lake or Pond,303115.3212,5046137.171,Pope,Y,0,3.154992868,5.18,18.0044
61018000,Lake or Pond,293305.369,5043718.178,Pope,Y,1,0.581468485,2,8.2124
62000100,Lake or Pond,500923.6157,4985935.476,Ramsey,Y,1,2.010295533,5.2,140.4056
62000200,Lake or Pond,498754.0283,4995658.276,Ramsey,Y,1,1.620207402,4.9,69.9818
62000600,Lake or Pond,495486.0615,4985661.028,Ramsey,Y,1,1.374132653,3.3,73.4949
62000700,Lake or Pond,494430.8053,4985183.351,Ramsey,Y,1,2.126621639,6.3,77.2807
62001200,Lake or Pond,495060.6552,4982295.043,Ramsey,Y,1,2.384916201,4.9,94.8291
62001300,Lake or Pond,495823.1131,4981563.291,Ramsey,Y,1,3.153934872,8,104.7023
62001600,Lake or Pond,499630.106,4979969.67,Ramsey,Y,1,1.92020973,3.5,124.5107
62002400,Lake or Pond,496749.9185,4992090.752,Ramsey,Y,1,2.342758621,6,133.4108
62004600,Lake or Pond,492242.8232,4993756.966,Ramsey,Y,1,2.790909091,6.7,59.5418
62005400,Lake or Pond,491086.5501,4982758.803,Ramsey,Y,1,2.67641519,8.4,99.5063
62005600,Lake or Pond,490348.6549,4986864.481,Ramsey,Y,1,2.015166045,6.7,88.5351
62005700,Lake or Pond,487930.1432,4986932.059,Ramsey,Y,1,2.258035189,6.8,127.258
62006100,Lake or Pond,489174.3725,4993988.452,Ramsey,Y,1,2.541080272,6.4,76.2798
62006200,Lake or Pond,490602.6069,4994109.508,Ramsey,Y,0,1.723939394,4.5,53.7737
62006700,Lake or Pond,484061.765,4991344.74,Ramsey,Y,1,1.7272,2.1336,89.8342
62007300,Lake or Pond,490059.823,4991111.686,Ramsey,Y,1,3.168385215,6.2,67.6812
62007500,Lake or Pond,489336.5221,4989064.88,Ramsey,Y,1,1.1176,1.524,72.6197
62007800,Lake or Pond,486581.735,4987764.975,Ramsey,Y,1,2.366608125,8.4,112.2431
62008200,Lake or Pond,490870.6489,4987974.205,Ramsey,Y,1,3.436627517,14,102.9454
66000800,Lake or Pond,471261.0877,4901434.827,Rice,Y,0,0.855167312,3.05,79.6483
66001000,Lake or Pond,473050.1642,4904098.198,Rice,Y,0,0.699489412,1.68,79.6483
66002700,Lake or Pond,472757.3213,4918054.919,Rice,Y,1,0.865005755,3.05,44.5706
66002900,Lake or Pond,474193.0336,4915596.368,Rice,Y,1,1.500496886,6.71,29.5844
66003800,Lake or Pond,468765.0914,4909606.495,Rice,Y,1,1.126929388,4.27,35.8611
66003900,Lake or Pond,468431.2484,4913346.36,Rice,Y,1,1.207806486,4.3,50.3438
66004500,Lake or Pond,461377.8175,4895982.996,Rice,Y,0,0.848666667,1.4,10.1321
66004700,Lake or Pond,464438.385,4908886.66,Rice,Y,1,1.121986,3.96,51.2453
66005200,Lake or Pond,465804.6552,4904676.735,Rice,Y,1,1.088043192,3.975,46.6683
66005500,Lake or Pond,464843.6461,4913075.283,Rice,Y,1,1.409765113,5.2,31.6218
69011800,Lake or Pond,575991.0287,5309657.304,St. Louis,Y,0,5.924982534,9.45,32.1603
69012100,Lake or Pond,577994.227,5342280.145,St. Louis,Y,0,2.9508,5.18,0
69017400,Lake or Pond,579653.5759,5314021.244,St. Louis,Y,0,1.7272,2.1336,2.7606
69022400,Lake or Pond,565768.9753,5354802.901,NOT IN MN,Y,0,2.740208,4.11,0
69037200,Reservoir,562172.5362,5207346.562,St. Louis,Y,0,1.530096,2.10312,41.919
69037800,Lake or Pond,545051.0462,5303469.16,St. Louis,Y,0,2.77368,2.77368,32.8126
69047000,Lake or Pond,554239.9921,5343933.035,St. Louis,Y,0,2.440792,4.9,0
69049000,Lake or Pond,553347.1358,5190548.47,St. Louis,Y,0,4.846602398,9.1,101.6158
69049100,Lake or Pond,555363.4233,5199189.243,St. Louis,Y,0,1.572768,2.1336,17.3516
69051200,Lake or Pond,549561.1633,5190426.682,St. Louis,Y,0,0.70104,0.70104,15.5561
69061700,Lake or Pond,540755.7952,5358587.111,NOT IN MN,Y,0,2.214110173,4.6,0
69084500,Lake or Pond,501034.2272,5368207.693,St. Louis,Y,0,2.533787666,5.33,7.9064
69091400,Lake or Pond,504299.2146,5269482.288,St. Louis,Y,1,3.114285714,3.51,39.4119
69130600,Natural Ore Mine,540683.9408,5258657.224,St. Louis,Y,1,7.12762,11.89,64.2083
70001700,Lake or Pond,470811.7569,4955950.479,Scott,Y,1,1.953601905,2.7,61.9324
70001800,Lake or Pond,469061.8492,4952723.538,Scott,Y,1,1.96056338,3,57.6426
70002600,Lake or Pond,467346.9892,4953365.939,Scott,Y,1,2.729698473,9.53,93.0776
70005000,Lake or Pond,467196.8223,4942383.644,Scott,Y,1,1.247815916,3.9,41.2879
70007200,Lake or Pond,464590.3616,4951202.657,Scott,Y,1,1.325889039,11.1,93.2801
70007600,Lake or Pond,465950.0664,4955479.221,Scott,Y,1,0.704748603,3,32.4735
70009500,Lake or Pond,459078.377,4954458.143,Scott,Y,1,1.539803687,4.1,43.8676
70015300,Lake or Pond,464653.1596,4953936.515,Scott,Y,1,3.2004,3.2004,45.4105
70034300,Mine Pit Lake,465605.183,4959615.995,Scott,Y,1,4.2672,4.2672,34.3087
71005500,Lake or Pond,451028.3816,5037227.586,Sherburne,Y,1,0.771435176,2.1,62.7059
71006700,Lake or Pond,441739.7641,5026734.604,Sherburne,Y,1,0.878836842,1.98,74.6211
71008100,Lake or Pond,440642.8916,5021749.972,Sherburne,Y,1,3.109710029,6.7,82.5471
71008200,Lake or Pond,440918.5712,5020853.573,Sherburne,Y,1,3.640015453,8.2,108.5129
71014700,Lake or Pond,427063.9777,5037878.424,Sherburne,Y,1,0.797677122,3.1,52.4309
73001400,Lake or Pond,404010.0218,5018346.107,Stearns,Y,1,1.261177994,7.5,42.1856
73001500,Lake or Pond,409261.3089,5019579.228,Stearns,Y,1,2.877812766,5.8,33.9525
73003500,Lake or Pond,400333.0316,5020439.968,Stearns,Y,1,2.437601058,5.8,28.7857
73005500,Lake or Pond,395420.6511,5032339.061,Stearns,Y,0,2.737209937,13.2,26.0638
73007000,Lake or Pond,399126.6456,5050324.089,Stearns,Y,0,2.237557391,4.3,38.189
73007100,Lake or Pond,398917.6626,5050609.599,Stearns,Y,0,3.136363636,4.7,43.6247
73007200,Lake or Pond,398500.031,5049671.774,Stearns,Y,0,1.621288066,4.6,51.0528
73008200,Lake or Pond,384587.5705,5033652.706,Stearns,Y,0,2.057823622,6.55,70.0172
73008300,Lake or Pond,385145.6468,5032928.125,Stearns,Y,0,0.726117231,1.68,40.748
73008600,Lake or Pond,386572.3305,5032383.399,Stearns,Y,0,0.775563806,2.29,34.9456
73008700,Lake or Pond,385889.674,5032546.16,Stearns,Y,0,0.775023333,2.13,19.313
73008800,Lake or Pond,385411.7266,5031783.812,Stearns,Y,0,1.550211185,6.71,37.9989
73008900,Lake or Pond,383766.6116,5032431.694,Stearns,Y,0,0.705500787,1.52,41.4524
73010600,Lake or Pond,385566.3867,5041339.728,Stearns,Y,0,5.057482529,11.73,39.1103
73012300,Lake or Pond,386246.2812,5052627.966,Stearns,Y,1,2.841351565,4.72,75.9646
73012800,Lake or Pond,385724.9431,5051417.006,Stearns,Y,1,3.336931633,6.4,126.7983
73013300,Lake or Pond,382231.5216,5031653.02,Stearns,Y,0,1.64592,2.1336,37.8092
73015600,Lake or Pond,379857.7241,5033479.402,Stearns,Y,0,1.68855,4.3,53.9042
73015700,Lake or Pond,380410.5362,5031473.501,Stearns,Y,0,1.192044414,5.335,38.7068
73018300,Lake or Pond,374294.2786,5066770.606,Stearns,Y,1,2.577018367,6.4,18.0155
73019600,Lake or Pond,373076.8503,5025807.081,Stearns,Y,0,1.745252932,7.47,30.2333
73024900,Lake or Pond,360918.9193,5067954.414,Stearns,Y,1,2.912301832,7.3,29.7533
73025100,Lake or Pond,358358.6809,5060147.614,Stearns,Y,0,1.524,1.524,84.3502
75006100,Lake or Pond,277067.4421,5068033.863,Stevens,Y,0,0.697692308,1.4,16.4539
75007400,Lake or Pond,276741.5747,5065935.064,Stevens,Y,0,0.600769231,0.9,25.0092
75007500,Lake or Pond,277227.8887,5064742.352,Stevens,Y,0,0.669253509,2.13,25.0092
77000700,Lake or Pond,369664.2247,5077002.678,Todd,Y,0,5.13521703,9.14,32.6291
77001900,Lake or Pond,370335.5102,5070130.664,Todd,Y,1,2.21276,6.25,18.6865
77008400,Lake or Pond,363996.4924,5070958.79,Todd,Y,0,1.8288,1.9812,41.5373
77008900,Lake or Pond,360670.2702,5071321.662,Todd,Y,1,2.969630047,7.25,37.4059
77015000,Lake or Pond,349514.0963,5071960.736,Todd,Y,1,1.30048,1.8288,58.2482
77016300,Lake or Pond,349876.0305,5080778.202,Todd,Y,0,1.358947368,2.29,16.2764
77016400,Lake or Pond,345958.4803,5080198.694,Todd,Y,0,1.575887536,6.08,19.9471
77018200,Lake or Pond,342253.5162,5077537.87,Todd,Y,0,1.426077333,3.5,22.6346
77019500,Lake or Pond,334568.8199,5081291.686,Todd,Y,0,1.190263158,2.16,63.6795
77020100,Lake or Pond,341443.9271,5090837.228,Todd,Y,0,2.118205128,4.57,31.6113
77021500,Lake or Pond,335804.7553,5085466.099,Todd,Y,0,2.467977136,16.5,52.3506
79000100,Lake or Pond,586673.255,4901134.021,Wabasha,Y,1,0.6953,0.9906,5.647
80003000,Lake or Pond,344445.0274,5184769.275,Wadena,Y,0,1.979015658,4.3,33.1724
80003400,Lake or Pond,340885.3217,5183617.465,Wadena,Y,0,1.036931741,2.87,20.9465
81005500,Lake or Pond,450897.104,4892756.681,Waseca,Y,1,1.90334624,4.95,30.751
82000100,Riverine polygon,517759.3326,4975105.897,Washington,Y,1,1.472353788,15.55,64.2588
82002100,Lake or Pond,511599.6059,4988243.101,Washington,Y,1,1.068771454,6.1,89.9575
82003000,Lake or Pond,512586.2163,5004186.777,Washington,Y,1,2.215771028,4.27,36.4059
82005200,Lake or Pond,511004.389,5007242.009,Washington,Y,1,2.869474286,3.3528,34.6842
82005400,Lake or Pond,510979.9687,5014818.419,Washington,Y,1,1.449103059,4.27,52.3382
82005900,Lake or Pond,514973.2853,5012743.116,Washington,Y,1,1.755896,4.42,58.4578
82007400,Lake or Pond,510721.5032,4979525.896,Washington,Y,1,1.281219512,2.9,47.1224
82009000,Lake or Pond,506699.9929,4975272.666,Washington,Y,1,1.280818713,4,88.2212
82009200,Lake or Pond,507959.397,4974707.534,Washington,Y,1,2.567966935,7.3,136.3289
82009400,Lake or Pond,507096.8753,4972623.643,Washington,Y,1,0.686613725,2,86.9062
82010100,Lake or Pond,504628.8393,4985484.692,Washington,Y,1,3.281483695,7.2,55.8802
82010300,Lake or Pond,504423.9213,4984838.564,Washington,Y,1,3.111447488,5.8,62.1781
82010400,Lake or Pond,506004.1456,4984669.397,Washington,Y,1,4.3383504,7.3,49.5797
82010600,Lake or Pond,509051.2872,4981118.149,Washington,Y,1,4.36774,7.0104,49.391
82010700,Lake or Pond,508363.4687,4983087.195,Washington,Y,1,0.788717949,1.8,44.438
82011800,Lake or Pond,503151.7742,4986796.474,Washington,Y,1,2.342948718,6.3,94.3549
82013000,Lake or Pond,504035.7743,4991717.319,Washington,Y,1,2.54657277,5.2,64.2225
82013300,Lake or Pond,506984.6,4988615.194,Washington,Y,1,2.243483146,4.2,38.7987
82015300,Lake or Pond,504536.1865,4997779.697,Washington,Y,1,2.94459364,5,63.41
82015900,Lake or Pond,504004.2571,5013346.026,Washington,Y,1,1.759383026,4.12,108.9763
82016300,Lake or Pond,499873.7606,5011883.272,Washington,Y,1,1.670827015,4,100.4841
82016700,Lake or Pond,501219.3473,4991539.254,Washington,Y,1,3.863733183,8.5,123.0549
82016800,Lake or Pond,498433.5726,5012328.165,Washington,Y,1,0.794166667,1.4,46.6992
82028700,Lake or Pond,518817.8528,5007455.912,Washington,Y,1,1.881771429,2.1336,52.8047
85001100,Lake or Pond,608775.1504,4877046.576,Winona,Y,1,1.2192,1.8288,162.4971
85001200,Lake or Pond,602452.2384,4880556.528,Winona,Y,1,3.680685714,4.3,147.7769
86001100,Lake or Pond,441248.7811,4999981.788,Wright,Y,1,5.300371429,9.14,27.5472
86002300,Lake or Pond,441556.4028,5002603.75,Wright,Y,1,1.688359355,7.62,35.6012
86003100,Lake or Pond,440234.716,5008725.695,Wright,Y,1,1.283333333,7,17.3691
86005100,Lake or Pond,432228.4967,5007507.297,Wright,Y,1,2.091133333,5.3,40.236
86005300,Lake or Pond,432955.3935,5005440.432,Wright,Y,1,2.3876,3.9624,93.3329
86006600,Lake or Pond,430799.4828,5016175.784,Wright,Y,1,4.279303623,7.62,22.2808
86008800,Lake or Pond,430124.7782,4999761.331,Wright,Y,1,1.2192,1.2192,55.4047
86009000,Lake or Pond,429774.1546,5001449.496,Wright,Y,1,1.005963889,4.3,90.8301
86010600,Lake or Pond,421553.9449,4991319.828,Wright,Y,1,1.033155963,3.1,38.4901
86010700,Lake or Pond,428253.6801,4999328.292,Wright,Y,1,1.678093333,4.27,31.6255
86010800,Lake or Pond,427727.9962,4999017.584,Wright,Y,1,0.9906,1.524,31.6255
86011400,Lake or Pond,423537.2926,4991665.498,Wright,Y,1,2.29630339,7.9,86.2246
86012000,Lake or Pond,421757.783,5006583.341,Wright,Y,1,1.74554,5.49,39.647
86012300,Lake or Pond,426386.9314,5004931.568,Wright,Y,1,4.4196,4.4196,28.4431
86013401,Lake or Pond,424539.9079,5009462.053,Wright,Y,0,3.401868063,8.53,42.4546
86013403,Lake or Pond,426601.8213,5010322.717,Wright,Y,0,2.026778351,5.8,42.4546
86014000,Lake or Pond,423211.3493,5018002.072,Wright,Y,1,1.393406897,3.89,49.5692
86015600,Lake or Pond,422203.2931,5011550.881,Wright,Y,1,2.5689768,5.79,22.4853
86016800,Lake or Pond,424870.5153,5023398.554,Wright,Y,1,1.246065882,5.5,59.9248
86018200,Lake or Pond,420397.1893,5002415.206,Wright,Y,1,1.554487167,5.7912,28.2537
86018300,Lake or Pond,420465.675,5026018.345,Wright,Y,1,1.336613091,6.4,72.4792
86018400,Lake or Pond,417040.1266,4989350.763,Wright,Y,1,0.824904706,3.3528,34.5867
86018800,Lake or Pond,418843.3074,4985726.651,Wright,Y,1,1.250472727,3.35,33.8989
86019900,Lake or Pond,415820.5497,4991539.516,Wright,Y,1,1.615491654,5.9,80.1355
86021700,Lake or Pond,412825.3431,5004158.195,Wright,Y,1,1.935138137,6.708,34.4344
86022100,Lake or Pond,414105.4322,5001527.94,Wright,Y,1,2.059700699,6.71,26.973
86022300,Lake or Pond,419446.5461,5017682.85,Wright,Y,1,1.631305691,4.7,46.5788
86022700,Lake or Pond,416475.8313,5013416.87,Wright,Y,1,2.371124731,9.5,36.6185
86022900,Lake or Pond,419483.8395,5013854.564,Wright,Y,1,1.268472394,5.2,30.9686
86023000,Lake or Pond,419456.5978,5012804.493,Wright,Y,1,1.542212912,6.1,30.9686
86023300,Lake or Pond,418531.5413,5018734.562,Wright,Y,1,3.137513311,5.18,43.3619
86024200,Lake or Pond,414618.9206,5022120.031,Wright,Y,1,2.662142857,4.72,16.4028
86024300,Lake or Pond,412803.432,5020229.853,Wright,Y,0,2.923392453,6.096,46.632
86025100,Lake or Pond,411779.5713,5014106.68,Wright,Y,1,2.673425688,5.2,64.1911
86025200,Lake or Pond,412242.4631,5017384.753,Wright,Y,1,1.3716,1.3716,40.7474
86027300,Lake or Pond,408712.8235,5006852.242,Wright,Y,1,1.385613675,3.35,23.5266
86027900,Lake or Pond,404716.0335,5011384.601,Wright,Y,1,5.607286355,9.3,51.8816
86028100,Lake or Pond,406219.0131,5018936.764,Wright,Y,1,1.71440995,5.9,38.0776
86028400,Lake or Pond,408364.3154,5017116.045,Wright,Y,1,2.489380117,6.25,36.697
86028800,Lake or Pond,408677.7124,5012447.991,Wright,Y,1,2.65544,5.5,42.4865
86028900,Lake or Pond,406237.9944,5011663.671,Wright,Y,1,5.37935631,9.75,51.8816
