EWMSTATUS,avgSecchi,avgRoads,avgGDD,mean.fut.preds,sd.fut.preds,min.fut.preds,max.fut.preds,var.fut.preds,DOWLKNUM
0,1.273618272,59.9015,2010.0478449955738,0.9320727264394086,0.023636425272265994,0.9277940764315934,0.9363513764472239,5.586805996514146e-4,1006200
1,2.225896296,37.9678,2096.3686321476907,0.942011046439409,0.037326697187102416,0.935254192500133,0.9487679003786851,0.0013932823228976392,1010400
0,3.751983118,33.541,1920.071310421047,0.9418957383250999,0.02646782198325616,0.9371045507647546,0.9466869258854451,7.00545600537338e-4,1015700
0,3.542339277,34.3914,1935.0237619556922,0.9449329296785041,0.024247560764673635,0.9405436523296571,0.949322207027351,5.879442030365402e-4,1020400
1,3.235489855,72.6983,2219.7906269352006,0.9751557109846126,0.06269952025648426,0.9638058854612838,0.9865055365079415,0.00393122984039328,2000300
1,1.258507742,45.8752,2345.1532335632282,0.8231110106043807,0.3088782930352569,0.7671980670993425,0.879023954109419,0.09540579990837401,2000400
1,0.62185567,32.6897,2362.461863715541,0.699600077767758,0.3371975965002676,0.638560792753961,0.760639362781555,0.11370221908555728,2000500
1,1.302719735,50.0948,2465.697517352287,0.7898437064572406,0.36765711148614844,0.7232906602663122,0.856396752648169,0.13517175162633818,2000600
1,0.558478261,54.8147,2379.8527870568178,0.769209235561465,0.3370164218327788,0.708202746665674,0.8302157244572561,0.11358006858496951,2000700
1,1.073605522,39.2435,2327.9909589974995,0.7948596128510192,0.3059801047218813,0.7394712974700242,0.8502479282320143,0.09362382448561345,2002600
1,1.898448566,51.1229,2179.553472392965,0.9337412618423737,0.08523647164062799,0.918311812344389,0.9491707113403585,0.00726525609774358,2004200
1,2.698723268,59.2544,2244.665030915093,0.95419816927839185,0.12108192678604993,0.9322799992919473,0.9761163392648364,0.014660832994222354,2005300
1,2.133528421,109.9689,2400.9402630489712,0.9614934197223428,0.25251714713295603,0.9157829334238227,1.007203906020863,0.06376490959616696,2008400
1,2.622070253,54.8945,2131.680279410941,0.9651856029949115,0.033951968190436735,0.959039640257737,0.971331565732086,0.0011527361440044279,2009100
0,4.655283038,27.3331,1935.9967353968957,0.9600046891715314,0.023650560959985693,0.9557234803309114,0.9642858980121514,5.593490337219994e-4,3028700
0,2.304486007,45.4778,1986.2474065221154,0.9446661861625728,0.019488873527938138,0.941138323217474,0.9481940491076716,3.7981619138796786e-4,3035900
0,2.666774458,37.7049,1845.0568741736995,0.7838473935596872,0.04608915573998415,0.7755043651915834,0.7921904219277911,0.002124210276824514,3036000
0,3.076574074,75.4711,1969.9826086929663,0.9783645272731382,0.00980215569432558,0.976590147558142,0.9801389069881343,9.608225625579937e-5,3036300
0,2.353666667,32.4903,1846.5706484026487,0.7367164650711718,0.0484400884097834,0.7279478724322384,0.7454850577101053,0.0023464421651476323,3037700
0,3.245002198,75.4711,1896.7915628909543,0.9606343377405959,0.01630005564647877,0.9576837124909721,0.9635849629902198,2.656918140783044e-4,3038100
0,2.644978641,35.2217,1929.6169145449746,0.9151696890327956,0.027580573104540627,0.9101770720033602,0.920162306062231,7.606880127749099e-4,3038600
0,2.6924,35.2056,1860.5707344754906,0.8177258127893913,0.0437874834463598,0.8097994316115315,0.8256521939672511,0.0019173437065652334,3038700
0,2.997572292,58.4443,1960.268453206158,0.965569489642849,0.014004639208640035,0.9630343791526089,0.9681046001330892,1.961299193641778e-4,3047500
0,3.909420905,27.6587,1930.9666159396766,0.9460061622638634,0.027376846408943202,0.9410504237055872,0.9509619008221395,7.494917192988663e-4,3050000
0,3.955167273,33.2254,1888.5231291155785,0.9208018636290831,0.0334663948732228,0.9147437990513622,0.9268599282068041,0.0011199995858104737,3050300
0,5.343870615,40.0909,1914.8771587652695,0.9674426262545979,0.01887625325214857,0.9640256594250327,0.970859593084163,3.5631293683924937e-4,3057600
0,3.096254902,44.5934,1903.7845893668964,0.924530826329809,0.025760437453464707,0.9198676890473317,0.9291939636122862,6.636001377938673e-4,3058200
0,2.370292408,27.6805,1981.6288799703402,0.9213064324939682,0.0287619082906307,0.9160999709535725,0.9265128940343638,8.27247368518651e-4,3058800
0,2.334433657,29.3227,1887.0193801205169,0.8274803925541583,0.0412278720416308,0.820017350533159,0.8349434345751575,0.0016997374330810827,3059500
0,3.482405122,29.3227,1887.0193801205169,0.8955479038121497,0.03904530985670988,0.8884799477486081,0.9026158598756913,0.0015245362218064855,3060200
0,2.02823,30.0221,1947.2112692829523,0.8864057476092803,0.031174862244471958,0.8807624947464009,0.8920490004721596,9.718720359618031e-4,4000700
0,3.813155556,18.0134,1922.925008998319,0.9260940237468706,0.03666167600728369,0.9194575514999804,0.9327304959937607,0.0013440784876630404,4001100
0,2.488284444,15.8043,1947.2112692829523,0.8870306557085819,0.041029257243886605,0.8796035668063867,0.894457744610777,0.0016833999499850213,4001500
0,3.376936073,36.0916,1924.1614032050097,0.9371736765647427,0.025642874011228462,0.932531820538515,0.9418155325909704,6.575569875557361e-4,4003000
0,2.16488,19.0518,1876.7724501518953,0.7504910754507064,0.05430462357464448,0.7406608885503764,0.7603212623510364,0.0029489921415838333,4003100
0,2.95439931,10.0108,1962.803601953018,0.9089307337882198,0.04156980940789554,0.9014057944922312,0.9164556730842083,0.0017280490542087607,4003200
0,3.332047664,32.8712,1929.283103683148,0.935199871701901,0.02681608268587117,0.930345642220419,0.940054101183383,7.191022906154796e-4,4003800
0,3.59,25.4363,1924.1614032050097,0.9308701994123668,0.031670574128519924,0.9251372131133978,0.9366031857113358,0.0010030252656300757,4004200
0,2.660000296,54.815,1909.6292735439838,0.9294255307602444,0.021381502690155825,0.9255550653409375,0.9332959961795513,4.571686572891408e-4,4006900
0,3.015633793,34.9738,1958.2157513606135,0.9442338324305491,0.023082039454637035,0.9400555369753198,0.9484121278857784,5.327805453854207e-4,4007900
0,3.757906006,53.0268,1891.3576399024155,0.945812322644682,0.02257783940284173,0.9417252971480317,0.9498993481413323,5.097588321005126e-4,4013500
0,2.9446,88.1549,1932.3991961058816,0.9762174588014417,0.010652655639275987,0.9742891221511564,0.9781457954517271,1.1347907216899847e-4,4014100
0,2.532378049,40.1803,1964.9576937835063,0.9371813957694806,0.021694532113053652,0.9332542659718973,0.9411085255670638,4.706527236043162e-4,4014200
0,3.315811554,43.7931,1817.7086786132302,0.7837467391594123,0.05171211365581742,0.7743858466831197,0.7931076316357049,0.002674142698752178,4015900
0,0.786390981,38.7275,2288.769781429756,0.7857712860729682,0.2805750736239846,0.734981772551961,0.8365607995939754,0.07872237193910438,5001300
1,1.493440485,73.1354,2465.7169231818643,0.8741163819054352,0.35400463346159966,0.8100346982210433,0.938198065589827,0.12531928051228153,7004400
1,1.2991152,65.8484,2400.0211882500153,0.8517872077870372,0.32811548944443897,0.7923919597618198,0.9111824558122547,0.10765977441336373,7005400
1,1.350859353,20.2353,2483.5336101855883,0.6609254402396019,0.380122323896827,0.592115949575196,0.7297349309040078,0.14449298112472425,7007900
1,3.826360935,47.826,1766.0745031562908,0.6613189851858007,0.06379750587548999,0.6497704030347997,0.6728675673368016,0.004070121755933179,9000800
1,2.778178621,76.0069,1794.1250716560437,0.7826222698981953,0.04908045000042763,0.7737377594293339,0.7915067803670567,0.002408890572244476,9003400
1,3.612104455,66.8005,1805.9410926293158,0.8495182576788788,0.04353310476034974,0.841637923961849,0.8573985913959086,0.0018951312100755852,9003500
1,2.220684103,92.216,2458.0852822017805,0.9403265972180432,0.3194967807543499,0.882491502116943,0.9981616923191434,0.10207819291239312,10000200
1,3.527896552,74.5059,2428.09557660469,0.9598019312164485,0.28378871562677654,0.9084306863540065,1.0111731760788907,0.08053603511709545,10000500
1,1.534992195,126.0616,2457.798968285263,0.9523708642217217,0.3039277362211004,0.8973540672239319,1.0073876612195114,0.0923720688444828,10000600
1,1.438565401,58.2076,2504.5482253573578,0.8134553386328582,0.3764588290431418,0.7453090113742463,0.8816016658914702,0.14172124996453347,10000700
1,2.677137166,83.788,2334.753764160534,0.9620578427410219,0.19604806472962447,0.9265693522427648,0.997546333239279,0.03843484368423103,10000900
1,2.898924675,25.6257,2451.9310221813184,0.8477538680397931,0.355477078784398,0.7834056432807961,0.9121020927987902,0.1263639535410891,10001200
1,1.457567917,110.723,2487.06481790222,0.9275380206674155,0.33902526384641596,0.8661678925242196,0.9889081488106115,0.11493812952613194,10001300
1,1.476571503,89.2722,2418.192267715493,0.9060061096108987,0.3148541637553783,0.8490114179561793,0.963000801265618,0.09913314443409856,10001500
1,1.780411765,67.7221,2391.853150891897,0.8967462444830083,0.3092011721695621,0.8407748536114751,0.9527176353545416,0.0956053648710312,10001800
1,2.168862253,69.6609,2370.181209431915,0.9254154799090563,0.2769576352009936,0.875280792689341,0.9755501671287715,0.07670553169612664,10001900
0,0.79807218,4.9428,2552.848026638545,0.42789393500781125,0.3933030612407947,0.356698476021624,0.4990893939939985,0.1546872979813803,10002900
1,2.878928462,40.9,2271.2282129392534,0.9345651405302136,0.18204985250826924,0.9016105971132259,0.9675196839472012,0.03314214879828258,10004100
1,1.067381643,18.1459,2385.2928131341014,0.679970218895766,0.3491173022074037,0.6167732366697415,0.7431672011217906,0.12188289070057566,10004200
1,1.208,2.9742,2343.6409550513026,0.6530820309097829,0.3341760953030333,0.5925896960363833,0.7135743657831825,0.11167366267198202,10004300
1,1.6764,31.4563,2349.727808799355,0.815099447571073,0.3155956682078145,0.7579705292727446,0.8722283658694014,0.09960062579153692,10004400
1,2.742178218,31.4563,2349.727808799355,0.8840062944152209,0.29087272503769707,0.8313527068731114,0.9366598819573305,0.08460694217085572,10004401
1,1.603873874,47.9126,2435.552647580451,0.820496837131421,0.35311530411720954,0.7565761392544216,0.8844175350084204,0.1246904180017894,10004402
1,2.200882353,64.3282,2380.863820162605,0.9140258129660368,0.292382872054696,0.8610988596136722,0.9669527663184014,0.08548774387095272,10004500
1,1.989560976,68.87,2427.107884135801,0.8991181056962655,0.3269209865851561,0.83993908578546606,0.9582971256070649,0.10687733146981183,10004700
1,1.275933409,45.0392,2363.923956549092,0.8141343588038443,0.3220949601742869,0.7558289429893805,0.8724397746183081,0.10374516336967546,10004800
1,1.690663725,35.0387,2362.7553127044116,0.8213720777566488,0.32104437919039336,0.7632568374142865,0.879487318099011,0.10306949340974507,10005200
1,2.575627976,29.2657,2346.2940409475136,0.8728487930515747,0.2948019835759678,0.8194839337379588,0.9262136523651906,0.0869082095203252,10005300
1,2.66085913,22.3999,2380.377910683161,0.8483800705735163,0.3244996513606369,0.7896393591572534,0.9071207819897792,0.10530002373317489,10005600
1,2.542670505,77.877,2371.835652979211,0.9481533258366057,0.2541531124620225,0.9021466981805255,0.9941599534926859,0.06459380457413344,10005900
1,1.625412903,77.0026,2440.6678779158865,0.893854166281173,0.3362263669752222,0.8329906925910875,0.9547176399712585,0.11304816984935678,10008400
1,1.483132222,38.0517,2499.368620902268,0.749508763504566,0.3805688864892272,0.6806184363762086,0.8183990906329234,0.1448326773636503,10008800
1,0.656095041,24.8976,2409.2050419198654,0.6389643594820306,0.35843490045645066,0.5740807118080001,0.703848007156061,0.12847557786522568,10009500
1,1.13098961,25.3988,2539.135227318823,0.615257436314389,0.392973103017814,0.5441217061466281,0.6863931664821499,0.15442785969544948,10012100
1,0.502546584,83.5571,2550.6339404807413,0.7778962976988515,0.389636665001794,0.7073645273253015,0.8484280680724015,0.15181673071372026,10021700
1,0.952101064,134.1676,2519.236293219334,0.9359059265611813,0.3490161297586593,0.8727272585046484,0.9990845946177143,0.12181225883171333,10021800
1,3.132666667,42.0876,2039.8512257768396,0.9684787023234414,0.018218016686643336,0.9651808890398842,0.9717765156069985,3.31896131994815e-4,11004300
1,3.907021424,42.9057,2031.6787065797612,0.9777709721516494,0.014764260866959792,0.9750983554532214,0.9804435888500774,2.1798339894764032e-4,11005900
0,3.323991379,15.8709,1949.355601860302,0.9255219542722154,0.035830369593488634,0.9190359645603495,0.9320079439840813,0.0012838153852059947,11014700
1,4.401081928,58.7442,1954.1044898609061,0.9805683301128617,0.011231532916421533,0.9785352054822514,0.982601454743472,1.261473316526604e-4,11017400
1,2.322061538,16.4794,1828.3303824998632,0.5881990694229445,0.06751399483260259,0.575977730908736,0.600420407937153,0.004558139498256689,11019000
1,2.810240606,31.4444,1960.708131556935,0.9357073701777494,0.025627409100361074,0.931068313599418,0.9403464267560808,6.567640971972695e-4,11020300
0,2.835809855,42.549,2098.960542485193,0.9628085847364254,0.02874309160919386,0.9576055293792088,0.9680116400936419,8.261653152545106e-4,11021800
0,2.8967875,40.768,2098.960542485193,0.9626726301448894,0.029354051525578947,0.9573589792292961,0.9679862810604826,8.616603409663438e-4,11022000
0,2.534444444,24.583,2098.960542485193,0.9352798544416184,0.046492436948371955,0.9268638243769575,0.9436958845062794,0.002161546693398342,11022100
0,1.585073289,53.7987,2098.960542485193,0.938637472437891,0.03509314907336385,0.9322849338950517,0.9449900109807302,0.0012315291118853379,11022200
0,4.217837073,42.4185,1935.2003585222014,0.9648091281860736,0.01822714881560551,0.9615096618105955,0.9681085945615516,3.322289539462293e-4,11024200
0,5.683223621,60.5099,1849.8011592178011,0.9502495944750587,0.02401206507547689,0.9459029463994971,0.9545962425506204,5.765792691889371e-4,11041300
0,4.547634286,36.0916,1840.7589155036767,0.8830321480838654,0.045766889986610354,0.8747474560484476,0.8913168401192832,0.002094608219046495,11041500
0,3.913847574,45.0482,1888.1487557932264,0.9371551886418981,0.026500041222428414,0.9323581687762719,0.9419522085075243,7.022521847904053e-4,11050400
1,1.29032,69.7822,2273.8020350086904,0.9105959826496521,0.20032339752991168,0.8743335742467775,0.9468583910525268,0.04012946359792703,13001200
1,1.617435219,65.8926,2236.863997866874,0.9329389115811757,0.14145399049947746,0.9073330041487078,0.9585448190136436,0.020009231428226262,13002700
1,2.58152,94.29,2273.8020350086904,0.9763619577059425,0.10631604969187851,0.9571166969863026,0.9956072184255823,0.011303102422085981,13002800
1,2.727339592,85.0612,2269.592819618887,0.9730928786881774,0.10998522831796596,0.9531834256900373,0.9930023316863175,0.012096750448155101,13003500
1,1.34112,59.167,2349.097155284799,0.864621290908556,0.29675237414304156,0.8109033731895794,0.9183392086275326,0.08806197155953173,13004100
1,1.676807066,47.079,2276.269176113008,0.8848550888788962,0.22519753358461223,0.84408998088423,0.9256201968735623,0.05071392913259255,13005300
0,1.674672131,51.8488,2272.495488447991,0.8960594123202317,0.21232731832359347,0.8576240621460831,0.9344947624943802,0.045082890106488596,13005400
1,3.227443721,54.7363,2152.1122341049586,0.9725556943584063,0.03594985589914336,0.9660480753148316,0.9790633134019809,0.0012923921391691726,13006800
1,1.71704,29.7304,2269.8749178637536,0.8473094385725042,0.2436934703445184,0.8031962083871623,0.891422668757846,0.059386507488554674,13008300
0,3.137236364,5.3236,1965.3184376120362,0.9085999579878412,0.044702804539269704,0.9005078859935309,0.9166920299821515,0.001998340733676152,14000400
0,3.076571969,101.1057,1872.3627900712158,0.9646546820548143,0.0173332849964247,0.9615170223143443,0.9677923417952843,3.004427687672816e-4,15008100
0,3.0108,10.6668,1418.0005536921035,0.08778518219250508,0.041098042818436105,0.0803456417712798,0.09522472261373037,0.0016890491235060077,16002600
0,4.753024533,19.954,1465.9147282996398,0.1689287368590635,0.060412504032744875,0.15799290549394004,0.17986456822418698,0.003649670643506416,16002700
0,2.70824,9.6534,1510.7696295563435,0.05528024736391127,0.019200206089660055,0.05180463880680973,0.0587558559210128,3.6864791388541905e-4,16002900
0,5.438945455,0.156,1409.985815087598,0.15744576911831593,0.08275184012856623,0.14246608596680893,0.17242545226982292,0.006847867044663785,16004100
0,4.588785172,14.9628,1426.9260323177373,0.1662732597587367,0.072812735084524835,0.15309274680257487,0.1794537727148985,0.005301694390489194,16007700
0,4.181933333,0.1571,1481.1567683450571,0.0937586552523368,0.04075961664931553,0.08638037651152525,0.10113693399314835,0.00166134634939916,16014100
0,3.01294363,44.0453,1598.2493476284887,0.12476743005979839,0.02881755150913698,0.11955089602093671,0.12998396409866006,8.30451274981763e-4,16014300
0,5.617156522,22.0089,1569.0124380927252,0.1709301499899889,0.04491294755856541,0.16280003804586413,0.17906026193411367,0.0020171728583984467,16014700
0,4.773283761,18.2754,1469.4094417120853,0.16169684051880073,0.05847760876537268,0.1511112626101751,0.17228241842742636,0.003419630726915992,16035600
1,4.390224726,58.6131,1955.9408907478598,0.9806946642681533,0.011169726867121872,0.978672727727547,0.9827166008087597,1.247627982861042e-4,18003400
1,3.76381106,32.691,2025.3753936321532,0.9706385828804152,0.019091291654428126,0.9671826899420584,0.974094475818772,3.6447741703443697e-4,18003800
1,4.9276,44.3127,2031.865662852647,0.9844010670350012,0.0116622306718663,0.9822899777826906,0.9865121562873118,1.3600762424381907e-4,18004100
1,4.322330435,32.323,2031.865662852647,0.976094613258687,0.0172886814755441,0.9729650276179493,0.9792241988994246,2.988985071628217e-4,18004400
1,3.815045685,42.1416,2031.865662852647,0.9765325803991185,0.015326158453009376,0.9737582493727729,0.9793069114254641,2.3489113292675075e-4,18005000
0,4.58411866,119.9252,2059.860536741885,0.9966133766107044,0.003061182162797086,0.9960592434482696,0.9971675097731392,9.370836233827047e-6,18009000
1,2.19342385,44.2378,2109.3352058674213,0.9467161432454332,0.03784823676689281,0.9398648805577343,0.953567405933132,0.0014324890263627764,18009600
0,3.118538182,33.311,2116.9033507636627,0.9581709783890331,0.03879365640550807,0.951148576466126,0.9651933803119401,0.001504947777308617,18013900
0,3.60024,15.3924,2110.331124025005,0.9528178295309193,0.0473450036123655,0.9442474684148604,0.9613881906469782,0.0022415493670549028,18014000
0,2.282021333,86.2031,2149.281241530624,0.9761160579012297,0.026307085865518196,0.9713539666861859,0.9808781491162735,6.920627667357473e-4,18014500
1,1.724035714,25.7684,2107.5092413081748,0.898420998752619,0.06292202502272086,0.8870308955642529,0.9098111019409852,0.00395918123295991,18018500
1,1.592363842,49.2235,2117.689462708597,0.9284343175038494,0.04695745584940046,0.9199341100265044,0.9369345249811944,0.0022050026598483936,18020300
1,5.241206504,42.2696,1995.4672340552922,0.9831901126975733,0.01191167988430441,0.9810338683144655,0.9853463570806811,1.4188811766614235e-4,18021200
1,3.342362483,31.4841,2089.44402356402,0.9652542496431078,0.029347866062155566,0.9599417184159962,0.9705667808702194,8.612972424022223e-4,18024200
1,2.883679918,24.1841,2105.1468851431664,0.9446917034550443,0.04502176614994979,0.9365418932417644,0.9528415136683241,0.002026959427260765,18024300
1,3.243943662,29.0417,1853.3205133882668,0.8200421309551259,0.052202483609055245,0.8105924720355118,0.82949178987474,0.0027250992949536816,18026100
0,2.830850413,30.2771,2003.714822416083,0.9476463022290929,0.024264911867741445,0.9432538839950899,0.9520387204630958,5.887859479492597e-4,18026600
0,4.353151648,54.4162,2003.714822416083,0.9843329736427997,0.010446561520094206,0.9824419440131188,0.9862240032724806,1.0913064759311294e-4,18026900
0,2.651096154,54.5322,2003.714822416083,0.9646483627684882,0.01476240569712337,0.961976081891672,0.9673206436453043,2.1792862196646056e-4,18027100
0,4.303095502,61.3463,2013.5075316578882,0.9866767836684573,0.009024240135861363,0.9850432217113058,0.9883103456256089,8.143691002969113e-5,18030500
0,5.198569281,62.903,1985.944048600269,0.9885180721580241,0.007936741048820143,0.9870813685634917,0.9899547757525565,6.299185847602667e-5,18030800
0,3.298685712,30.7926,2003.714822416083,0.959753034639711,0.021817418446630904,0.955803660039622,0.9637024092397999,4.7599974767539047e-4,18031000
0,4.303714286,45.3602,2003.714822416083,0.9804504139428518,0.012846339863618505,0.9781249780309179,0.9827758498547857,1.650284478915939e-4,18031100
0,4.013248,63.5738,2003.714822416083,0.9852993772902793,0.009208525850839002,0.9836324560553712,0.9869662985251874,8.479694834557017e-5,18031200
0,4.341953271,47.6807,2003.714822416083,0.981772512527342,0.012116434553099416,0.9795792035900492,0.9839658214646347,0.00014680798627954145,18031500
0,4.2164,87.4742,2051.108024781178,0.992600208157304,0.0057134908780763155,0.9915659558324054,0.9936344604822026,3.264397801386127e-5,18032000
1,5.44638033,40.3373,2065.1629614896124,0.984877798707016,0.012671377782888814,0.9825840343147582,0.9871715630992738,1.6056381491668823e-4,18035200
0,3.917602469,32.2135,2003.714822416083,0.9696861124510293,0.018666805622139158,0.9663070596923719,0.9730651652096868,3.4844963213472604e-4,18035400
0,3.668894382,37.9752,2003.714822416083,0.9695915937138806,0.017157824306255398,0.9664856957510363,0.9726974916767249,2.9439093492432855e-4,18035500
0,4.320764835,40.1336,2003.714822416083,0.978259531527311,0.014399683842692149,0.9756529103197309,0.9808661527348912,2.0735089476948932e-4,18035600
1,4.896706667,42.9196,2042.4418620900383,0.983720529464533,0.012304906656559273,0.9814931034322206,0.9859479554968454,1.5141072782663673e-4,18036100
0,2.241877778,11.459,2003.714822416083,0.8936592513735773,0.0431178864389641,0.885854080201373,0.9014644225457815,0.0018591521309634042,18036600
0,4.354277229,57.0502,1948.0347891351933,0.9786815740488264,0.012124122546890194,0.9764868734360026,0.9808762746616502,1.4699434753201118e-4,18037200
0,3.27244882,83.3935,2095.0894742213095,0.9872789499071978,0.010356376197913828,0.9854042455646534,0.9891536542497421,1.0725452795271606e-4,18037300
0,2.896766026,52.2278,2107.926284549839,0.9695126759458871,0.02504755625637805,0.9649785839443418,0.9740467679474324,6.273800744164231e-4,18037400
0,4.541807746,59.5022,2149.7241195233833,0.9849463065017645,0.02170050356925936,0.9810180957551441,0.9888745172483849,4.7091185515943834e-4,18037500
0,3.858911184,36.4583,2054.266739396384,0.9743177795971658,0.0184779586722749,0.9709729117879753,0.9776626474063563,3.4143495669429925e-4,18037700
0,4.492374026,38.4153,2003.714822416083,0.9789200588196652,0.014503419052199734,0.9762946595333418,0.9815454581059885,2.1034916420371025e-4,18037800
1,3.421818993,97.1958,2063.3013300173056,0.9913460769174971,0.006177032722928289,0.9902279145556427,0.9924642392793515,3.8155733260126876e-5,18037900
0,2.942133333,39.6857,2111.7407325391596,0.9618059818920544,0.033700996850430605,0.9557054498201988,0.9679065139639099,0.0011357571887127336,18038800
0,2.8652,45.3259,2098.960542485193,0.9646407736013782,0.026815072034875424,0.9597867270672685,0.9694948201354879,7.190480882355581e-4,18039800
0,2.3918,80.9011,2098.960542485193,0.9781268030600111,0.015286536711257504,0.975359644335048,0.9808939617849742,2.3367820462462337e-4,18039900
0,3.905236379,63.0523,2054.266739396384,0.9858209688629992,0.010110156853368217,0.9839908349827109,0.9876511027432875,1.0221527159970834e-4,18040300
0,2.312960677,41.0234,2133.2735448899502,0.942992880550485,0.05087679744552326,0.9337831964599164,0.9522025646410537,0.002588448518312802,18041200
0,6.97992,28.5816,2094.8913392643562,0.9833058436816343,0.01611341517024543,0.980389003967086,0.9862226833961827,2.5964214844869564e-4,18043900
0,9.0678,28.5816,1988.5591353168384,0.9793694189480435,0.024512518800662075,0.9749321790714583,0.9838066588246287,6.008635779528117e-4,18044000
0,10.88,28.5816,2015.8831871210846,0.978044207382579,0.053588972280023836,0.9683435672043972,0.9877448475607609,0.0028717779500291632,18044003
1,10.88,28.5816,1988.5591353168384,0.9762400230914619,0.05991638628714925,0.9653939986312159,0.9870860475517078,0.0035899733457108868,18044004
0,10.88,28.5816,1988.5591353168384,0.9762400230914619,0.05991638628714925,0.9653939986312159,0.9870860475517078,0.0035899733457108868,18044006
0,11.7348,18.6657,2169.070835709838,0.9646256780351008,0.09705336114188802,0.9470571430462046,0.982194213023997,0.00941935490893774,18044100
0,0.6248,66.9898,2451.274872070645,0.7742479931849479,0.362804830501582,0.7085733036758523,0.8399226826940435,0.13162734503528167,19000300
0,0.31,73.1826,2679.647828175029,0.6440456243626855,0.4155919180612622,0.5688154513150202,0.7192757974103509,0.17271664235783887,19000400
0,0.7619836,34.0797,2325.7739476921847,0.7443399834010029,0.31390019116295065,0.6875179792315115,0.8011619875704944,0.09853333001213696,19000600
1,0.918167203,85.5335,2564.3495346511554,0.8202671775456964,0.3894243533481145,0.7497738396867171,0.8907605154046758,0.15165132698059713,19002100
1,1.146863469,77.6221,2493.8794856180425,0.8405664543163972,0.3681462792295993,0.7739248593053647,0.9072080493274297,0.1355316829105981,19002500
1,2.7432,63.816,2447.4456668093876,0.9206753575512184,0.3275388388387259,0.8613844944357417,0.9799662206666951,0.10728169094782086,19002600
1,1.98214527,92.6389,2344.9942610170842,0.9519559608759872,0.222260773105439,0.9117224633132044,0.99218945843877,0.049399851261427444,19002700
1,2.571705112,44.2011,2347.157308277598,0.9062753928425371,0.2767371725955027,0.856180613617277,0.9563701720677972,0.07658346269615303,19003100
1,1.955112195,104.1512,2486.779156358609,0.9376047059001291,0.3327401538806419,0.8773723041895225,0.9978371076107357,0.11071601000451324,19005700
1,1.66660098,76.7696,2502.7777533703556,0.8783430229575305,0.3647970882202967,0.8123076962790847,0.9443783496359763,0.13307691557400694,19005900
1,3.679050794,37.3234,2440.377681032763,0.912258649333743,0.3302239073442572,0.8524817369003241,0.9720355617671619,0.10904782898170857,19006500
1,1.391927737,90.806,2530.6338788976063,0.8829434241993016,0.3718340120174541,0.815634278247726,0.9502525701508772,0.1382605324929962,19006700
1,1.874242424,9.7142,2464.358411952099,0.681402387914138,0.3746633035963977,0.6135810854796376,0.7492236903486383,0.1403725910617665,19007200
1,2.439264706,19.0464,2480.7282664253084,0.7706720397765394,0.37359794532943386,0.7030435877881096,0.8383004917649692,0.13957542475437465,19007500
1,1.840947778,49.6204,2495.6674868574432,0.8219652083103969,0.37274094140010205,0.7544918906041902,0.8894385260166036,0.13893580939583433,19007600
1,3.467823529,85.1868,2408.444746657942,0.9682975433841539,0.25192500574174753,0.9226942461270787,1.0139008406412289,0.06346620851797953,19044600
0,3.374182564,48.1773,2084.9715970195975,0.9747581131441407,0.0192396964071794,0.971275356075984,0.9782408702122974,3.701659178404319e-4,21004900
0,3.302962543,71.9184,2015.0879330894572,0.9838471575031302,0.009022419232530355,0.9822139251646905,0.9854803898415699,8.140404880753364e-5,21005200
1,3.321019827,62.5461,2118.8665830762006,0.9802146215062593,0.019840335337346263,0.9766231371777978,0.9838061058347207,3.936389062983509e-4,21005400
0,1.759939003,29.4784,2161.0090006339074,0.8931975860913507,0.10282819283794294,0.8745836949034166,0.9118114772792848,0.010573637242317179,21005500
1,3.545205446,67.0541,2012.9319383751406,0.9838792651132671,0.009389142331770286,0.9821796488029131,0.985578881423621,8.815599372624075e-5,21005600
1,4.240989029,49.6396,2008.1178894918417,0.9821626568210955,0.011773945174272053,0.9800313450837396,0.9842939685584514,1.3862578496676416e-4,21005700
0,2.582881146,35.9657,2065.671388178912,0.9536566797756576,0.0272379362732472,0.9487260866379065,0.9585872729134087,7.419051724254757e-4,21007600
0,3.396240908,35.2551,2088.6702892695093,0.9683785455840799,0.026377619634794992,0.9636036863929572,0.9731534047752025,6.957788175979223e-4,21007900
0,3.723580926,69.4655,2012.2161789167562,0.9858771789334899,0.00861853485138771,0.9843170574775388,0.987437300389441,7.427914298458455e-5,21008000
0,3.778726025,33.0531,1988.240470981291,0.9661453368805184,0.01924946021175946,0.96266081237494,0.9696298613860969,3.705417184441106e-4,21008300
0,2.791264723,30.0683,2043.3773732035893,0.9516236821282329,0.026368144795881968,0.9468505380661588,0.956396826190307,6.952790599765973e-4,21008500
0,1.856152809,21.1085,2068.0133780134765,0.9030878625072647,0.04729639544974372,0.894526300408527,0.9116494246060024,0.0022369490225385385,21009000
0,2.153136207,33.1861,2079.0779768943326,0.9357259874162491,0.03618274157639657,0.929176211562018,0.9422757632704802,0.0013091907879842967,21009200
0,2.401,37.9007,2012.2161789167562,0.9452667120333988,0.02241808610380168,0.941208604972862,0.9493248190939357,5.025705845574659e-4,21009300
0,2.716216667,47.6689,2110.2735894099087,0.9635186510594119,0.02996068020671326,0.958095188622771,0.9689421134960529,8.976423584489397e-4,21009400
0,3.137430894,22.5438,2110.0241669429683,0.9494539862771758,0.04557202029609269,0.9412045694237389,0.9577034031306128,0.002076809033867484,21009500
0,3.720473529,27.8395,1890.5504737298322,0.9064146040975023,0.038085949797623135,0.8995203107548259,0.9133088974401787,0.0014505395719870697,21010100
0,3.218243284,37.7545,2057.731754047881,0.9680121603162634,0.021213252230247868,0.964172151483488,0.9718521691490387,4.500020701841161e-4,21010200
0,4.019021538,61.5905,2085.1101840744786,0.9854809162854489,0.012104080087028212,0.9832898437454008,0.9876719888254969,1.4650875475319291e-4,21010300
0,3.636026087,35.6676,1890.5504737298322,0.9175367857935859,0.032535753026224606,0.9116471853850472,0.9234263862021246,0.0010585752249834836,21010500
0,4.1148,60.3518,2067.9786662746124,0.9861165500496547,0.010869396020555575,0.9841489791994693,0.9880841208998401,1.1814376985166938e-4,21010600
0,3.548489552,38.4945,2007.4335520599047,0.9693371090033387,0.01732759593585147,0.966200479092836,0.9724737389138414,3.002455809161364e-4,21010800
0,2.529,17.2394,2005.0982306816911,0.918758247731041,0.03529090809176344,0.9123699109820061,0.9251465844800758,0.0012454481939412944,21012000
0,4.079306803,40.1846,2009.3844592556773,0.9765714880517247,0.014989849065308147,0.9738580355274259,0.9792849405760234,2.2469557500071955e-4,21012300
1,2.418737778,16.0701,2090.9895259553005,0.9195514356933866,0.05381386166754491,0.909810086187606,0.9292927851991672,0.00289593170757366,21013600
0,2.078150289,30.4775,2141.029264576816,0.9184572087481465,0.07353294143416678,0.9051463245168012,0.9317680929794918,0.005407093475960601,21014000
0,2.7432,40.4136,2103.664939296792,0.9579823735991366,0.03242953530954055,0.9521120006511419,0.9638527465471314,0.0010516747603927373,21014400
0,3.723582873,26.5723,2078.539283798593,0.9679399281207219,0.027482397515265107,0.962965082771267,0.9729147734701769,7.552821731870498e-4,21014500
0,3.083651429,30.7304,2131.0715689203043,0.9529599282114188,0.04821520503838818,0.9442320438110492,0.9616878126117885,0.0023247059968938126,21015000
0,2.53524631,34.2202,1993.0520967192201,0.9399148491771676,0.02360958361314648,0.9356410580286628,0.9441886403256724,5.574124383861548e-4,21018000
1,2.1209,17.9185,2158.020653832992,0.8933220210096626,0.10801897980025481,0.8737684970125777,0.9128755450067475,0.011668099997087856,21019700
0,1.34112,18.7338,1993.0520967192201,0.8450794068414165,0.04615648000116071,0.8367241914802588,0.8534346222025742,0.0021304206460975483,21020400
0,2.493869307,12.5466,2105.0612506874345,0.9130912337508068,0.06414662061026613,0.9014794550823345,0.9247030124192791,0.004114788935717419,21021200
0,2.271500559,22.8944,2085.561345842599,0.9240725714890718,0.0461976024681614,0.9157099121662438,0.9324352308118999,0.0021342184738062727,21021300
0,2.619888344,25.7729,2111.992439533521,0.9370889184613034,0.05013648622631688,0.9280132450160568,0.94616459190655,0.0025136672511216628,21021600
1,1.793965714,24.4087,2135.1604762946718,0.8944573951369283,0.08416158058375206,0.8792225217043141,0.9096922685695426,0.007083171646355393,21025700
0,1.627824,23.5652,2130.1378765006243,0.8843049435919772,0.08528983358603179,0.8688658345500686,0.8997440526338858,0.007274355713132996,21026400
1,1.068496063,38.495,2523.182042957154,0.6894156185522797,0.38853215256148654,0.61908378628726,0.7597474508172994,0.15095723357406224,22007400
0,1.991696744,38.6108,2114.1956712364677,0.9337363575576247,0.04793493151105019,0.9250592080850676,0.9424135070301819,0.0022977576589690725,26004000
0,1.59532,52.1829,2146.991551218844,0.9284469688456216,0.06310195094453945,0.9170242955863616,0.9398696421048817,0.003981856213007063,26009500
0,1.124089712,32.0378,2123.0370964602403,0.8728302987702533,0.08073159944074255,0.8582163182465835,0.8874442792939231,0.0065175911482605025,26009700
1,1.63068,53.1972,2371.6698476074152,0.8632464869658416,0.3126349218776459,0.8066535210022167,0.9198394529294666,0.09774059437744174,27000100
1,0.971640764,127.3471,2542.125773430387,0.9190130724673212,0.36290653381223353,0.8533199726924642,0.9847061722421783,0.1317011522836098,27001400
1,3.357442975,130.0251,2433.917449716836,0.9852449322706411,0.2160508066722386,0.9461355587080776,1.0243543058332047,0.04667795106372503,27001600
1,1.475342122,94.7058,2497.6170420931103,0.899681601792949,0.35522922616566105,0.8353782431504175,0.9639849604354804,0.12618780312225436,27001800
1,1.316197023,126.6005,2529.029470195345,0.9356647463800314,0.35134458617838765,0.872064582688532,0.9992649100715307,0.12344301823686248,27001900
1,0.431818182,118.2152,2674.1590666844004,0.822303047260806,0.4089342458987852,0.7482780416071899,0.8963280529144222,0.16722721746880811,27002900
1,3.894768047,110.5677,2406.659378852948,0.9852347454974484,0.1995427592576178,0.9491136477162679,1.021355843278629,0.03981731277214362,27003100
1,2.136626812,89.2272,2442.2233127661484,0.9361046530306424,0.31388791458708504,0.8792848711587623,0.9929244349025225,0.0985256229238292,27003700
1,2.385199375,133.9321,2462.9133669593202,0.9745666528498482,0.27101254069991365,0.9255081426890792,1.0236251630106172,0.07344779721662237,27003900
1,1.68919,129.0236,2511.9308072118,0.9524058773448685,0.33237694343755186,0.8922392237474923,1.0125725309422446,0.11047443252888955,27004000
1,1.5494,99.9197,2539.3730585617054,0.9067692929384245,0.36796194256056686,0.8401610664288176,0.9733775194480313,0.1353959911729459,27004200
1,3.035027778,60.0751,2418.0433554661836,0.9333445580269568,0.30503267959793295,0.8781277449127931,0.9885613711411205,0.09304493562269522,27004700
1,2.112583333,59.3242,2430.4321392378192,0.8846050792835263,0.33429202540552755,0.8240917588199528,0.9451183997470998,0.11175115824972987,27006700
1,1.708861489,120.0002,2492.0001254782105,0.9476764611529163,0.32804151105415214,0.8882946046467857,1.0070583176590469,0.10761123297469143,27007000
1,5.115182524,104.7277,2488.0100329883785,0.9849104398641658,0.2650889511316229,0.9369242139536891,1.0328966657746426,0.07027215201206395,27007100
1,0.83356175,64.0861,2581.303316146195,0.7360764076568443,0.3988246730471471,0.6638814301679111,0.8082713851457776,0.15906111983116375,27007800
1,1.64,70.0713,2519.367861675345,0.856708181832992,0.3744223561066635,0.7889304955530902,0.9244858681128938,0.14019210075246516,27008500
1,1.528961814,88.0577,2495.864312102038,0.8935547682364202,0.3576675868100988,0.8288100191691437,0.9582995173036968,0.12792610265455956,27009800
1,2.160246154,100.1694,2478.2636354921765,0.9437778272214022,0.32631370082451694,0.8847087377757461,1.0028469166670584,0.10648063134579233,27010200
1,1.794937626,90.5821,2457.9355353009532,0.9185670893402493,0.3312698411275991,0.8586008426678869,0.9785333360126117,0.10973970764070475,27010400
1,2.7703374099999998,94.9614,2383.863818972927,0.9657773104068901,0.23306895307977865,0.9235873232819594,1.0079672975318208,0.054321136889704066,27010700
1,1.996732921,84.6445,2417.679992298115,0.9284549759875631,0.30464996649389636,0.8733074413453644,0.9836025106297618,0.09281160208473219,27011101
1,1.193841667,31.8155,2454.645512718701,0.7155933467298857,0.3702674519917032,0.6485677784339503,0.7826189150258211,0.1370979860044282,27011102
1,2.827128125,97.2299,2335.454149564944,0.9739901969335002,0.16911655674794782,0.9433768301271275,1.004603563739873,0.028600409766281858,27011700
1,1.629018901,95.5601,2438.023963521033,0.9215982073445949,0.31829376575126317,0.863980881220532,0.9792155334686578,0.10131092131612,27011800
1,2.8738576,82.026,2499.522920277573,0.9428232398231373,0.33877726312191114,0.8814980046064147,1.00414847503986,0.11477003400837263,27013300
1,3.488418079,62.8254,2385.405545166013,0.9552387510360667,0.2609525285959782,0.9080012975863406,1.0024762044857929,0.0680962221806348,27013301
1,3.556056338,60.6226,2385.405545166013,0.9538866859599857,0.26234979669462544,0.9063962999668512,1.0013770719531203,0.0688274158257113,27013303
1,3.756381579,92.5015,2385.405545166013,0.977197641506204,0.2069030087438784,0.9397441962503459,1.0146510867620622,0.04280885502726942,27013304
1,5.84948878,73.3938,2332.54771363354,0.9838241968216467,0.13320636040201608,0.9597112699128608,1.0079371237304326,0.017743934451551795,27013700
1,1.151054217,35.1995,2538.5197471612155,0.6758184795204211,0.3921876185671647,0.6048249372263422,0.7468120218144999,0.15381112815738388,27014100
1,1.4,110.2328,2588.4679925916407,0.9043793414120864,0.38149581395720655,0.8353212224889703,0.9734374603352025,0.14553905606687156,27014400
1,1.227880588,81.9259,2477.96933208801,0.8602002087717039,0.35852860586234053,0.7952995986073211,0.9251008189360866,0.12854276122159353,27016000
1,1.810116312,28.3148,2364.759006208856,0.8122426401114897,0.3252585330967216,0.7533645564272706,0.8711207237957088,0.10579311335223114,27017600
1,3.81,24.5026,2335.9806505821557,0.9267732993761322,0.2595817180541924,0.8797839891404396,0.9737626096118247,0.06738266834796622,27017900
1,1.300968302,58.0708,2412.277311963554,0.8363267736291438,0.34061949172437944,0.774668059414072,0.8979854878442155,0.11602163814257459,27018100
1,0.788846154,107.1762,2468.8270665457344,0.8896620301145941,0.3464400012836809,0.8269496911240105,0.9523743691051777,0.12002067448943682,27018200
1,1.0287,14.8031,2470.083198057355,0.5991728026769239,0.37747844141494596,0.5308419058638071,0.6675036994900406,0.1424899737330568,27018400
1,0.47754386,33.2341,2564.9859412346323,0.5391574912262711,0.3969571632589866,0.46730056911913387,0.6110144133334083,0.15757498946262175,27018600
1,0.816864,34.6677,2389.267185621022,0.7177710479481413,0.34740868046204637,0.6548833592959087,0.7806587366003739,0.12069279126038024,27019100
1,1.542739044,34.6677,2389.267185621022,0.7972222002475372,0.3391247385227797,0.7358340652644787,0.8586103352305957,0.11500558827814371,27019101
1,1.297797101,34.6677,2389.267185621022,0.7760309761814395,0.3424297079221438,0.7140445778322614,0.8380173745306175,0.11725810486764471,27019102
1,1.729205602,31.6293,2418.597612387648,0.790952200159743,0.35223698563543837,0.7271904949110961,0.8547139054083899,0.12407089404954003,27019200
1,1.528571429,81.196,2474.895156299116,0.8884580188225819,0.3525953790900245,0.8246314374287649,0.9522846002163989,0.12432350135563806,27104501
0,3.522683721,64.0984,1863.891577311924,0.9316434417011771,0.025694990048115304,0.9269921516645581,0.9362947317377961,6.602325135727445e-4,29004800
0,3.82049313,58.0623,1840.4475939172264,0.9025478755842075,0.03436019442891654,0.8963280160044123,0.9087677351640027,0.0011806229611929472,29006100
0,1.528887066,51.9494,1993.3244757009709,0.9280755570048321,0.02279715032143873,0.9239488319913234,0.9322022820183409,5.19710062778274e-4,29007700
0,2.360611765,33.3566,1993.3244757009709,0.9328720340822849,0.02497754498317274,0.9283506154749266,0.9373934526896432,6.238777533864177e-4,29007800
0,2.315985,37.9653,1993.3244757009709,0.9373362970391015,0.02272624089849905,0.9332224080022483,0.9414501860759547,5.164820253766109e-4,29008500
0,1.343525874,11.8574,2007.4043453095958,0.8297507083340636,0.05403122496606303,0.819970011868318,0.8395314047998093,0.0029193732713333133,29008600
0,2.614439024,52.4331,2048.5229010762237,0.9662356382682021,0.01707250414474603,0.9631451849043403,0.969326091632064,2.914703977723704e-4,29014200
0,4.600266222,39.5883,1790.4401265118804,0.7716542673421164,0.06462727233776634,0.7599554814170926,0.7833530532671402,0.004176684329819818,29014800
0,2.05166875,33.1724,1883.592964872542,0.8044894610131532,0.03882149807864526,0.7974620192090622,0.8115169028172442,0.0015071087130702574,29015700
0,3.074604975,55.9394,1940.8785492871375,0.9597332617055829,0.015980631168049896,0.9568404584629412,0.9626260649482247,2.5538057252924774e-4,29016100
1,4.66787234,28.4016,1905.6676947962426,0.9452175252674336,0.028853589483720403,0.9399944676583427,0.9504405828765246,8.325296260950607e-4,29020800
0,3.175925926,53.3747,1915.7502537793237,0.946982178117669,0.019628476534673648,0.9434290443289897,0.9505353119063484,3.85277091072234e-4,29021600
1,1.643534239,51.6175,2194.1078157670127,0.9192989008357229,0.1091833350786101,0.8995346060193009,0.9390631956521448,0.01192100065888805,30002200
1,1.7543003129999999,75.0919,2092.98353329484,0.9645455129285955,0.02087176786151426,0.9607673193694971,0.9683237064876938,4.356306936649395e-4,30004300
1,0.650674965,70.9308,2393.8456529633904,0.8136730713302252,0.3337083646035292,0.7532654047574691,0.8740807379029812,0.11136127260636199,30007200
1,1.158189091,30.3607,2339.5300006653306,0.7635272422026513,0.31905946864061235,0.7057713090499976,0.821283175355305,0.1017989445292299,30011400
1,4.205536,77.0468,2161.7578108375815,0.9882204649011923,0.019274927639177642,0.9847313302988134,0.9917095995035712,3.7152283549553425e-4,30013500
1,1.8519688,61.7294,2215.257284999576,0.9391474260395161,0.11097554303575913,0.9190587069287461,0.959236145150286,0.012315571152081626,30013600
0,3.105911111,28.5857,1816.346123499981,0.6947889043192323,0.06467697917745349,0.6830811204950945,0.7064966881433702,0.004183111635520752,31002000
1,3.937785366,35.1247,1899.8070032761773,0.9336569043867458,0.029206225016367094,0.9283700129276908,0.9389437958458007,8.530035797066671e-4,31019000
1,3.768225067,35.1247,1899.8070032761773,0.9287704398302685,0.02990548808309902,0.9233569682351958,0.9341839114253413,8.943382174883776e-4,31019100
0,5.239635744,49.3448,1830.203028304945,0.9086546647071051,0.03721022975371747,0.9019188936252841,0.9153904357889261,0.0013846011983244407,31021600
0,3.7792,28.8216,1912.7656572470512,0.9311933705066839,0.03093027396131185,0.9255943928524116,0.9367923481609562,9.566818473218058e-4,31022700
1,2.609725926,68.4633,1968.721773561954,0.9678087002912887,0.012349602048143133,0.9655731835288702,0.9700442170537072,1.5251267074750107e-4,31037000
1,4.188910112,128.072,1941.6927106812675,0.9946603642048936,0.00430397956704214,0.9938812606815799,0.9954394677282072,1.8524240113516246e-5,31037200
1,4.792315862,64.1234,1915.1759884070477,0.9775435154086445,0.012609839162392722,0.9752608906966062,0.9798261401206828,1.5900804370141318e-4,31037300
1,4.572,9.8727,1712.228537793089,0.3174732961637796,0.0792887198418943,0.3031205047469978,0.3318260875805614,0.006286701094166403,31052400
0,4.6101,55.7086,1832.0463872981434,0.9090555322102067,0.03541644952828259,0.9026444700336949,0.9154665943867186,0.001254324897189388,31053200
0,2.5918,94.2346,1987.3622802243497,0.9829148424956657,0.008101028550185983,0.9814483996867256,0.9843812853046059,6.562666357092843e-5,31053300
0,3.172771111,6.7908,1902.918993018159,0.8478923953731698,0.05925223976973494,0.8371665942745021,0.8586181964718376,0.0035108279177301586,31053800
0,0.61,7.2988,1823.9778071179837,0.2710630094944367,0.06740659624603439,0.2588611122010544,0.28326490678781896,0.004543649217475897,31056100
0,4.058147416,41.3129,1820.1901135424962,0.8323898701386545,0.052321552292375964,0.8229186574850492,0.8418610827922598,0.0027375448342838323,31065300
0,2.420172308,21.7539,1913.2727268366498,0.8575968555397704,0.04193880112509258,0.8500051216081513,0.8651885894713894,0.0017588630398100668,31081300
0,0.91,0,1917.7315064017555,0.6010848381188696,0.07820333536630744,0.5869285222791456,0.6152411539585936,0.006115761662415153,31081700
0,3.03,33.2023,1903.8531769698113,0.9029112836814128,0.03286059277949002,0.896962880996437,0.9088596863663887,0.0010798185578194716,31082400
0,3.239904189,33.2023,1903.8531769698113,0.9119434662871824,0.03219605290809404,0.9061153581684613,0.9177715744059034,0.0010365858228607908,31082600
0,2.825,4.3694,1909.945582472507,0.8297133619355526,0.06203747184902421,0.8184833799753313,0.8409433438957739,0.0038486479134184712,31083400
0,2.948106667,3.1314,1940.3099237813499,0.8748659945614887,0.05367089307116197,0.8651505251360918,0.8845814639868856,0.0028805647630561018,31085000
0,2.076428571,33.7578,1915.7259250169373,0.8655552183759276,0.0322203510246479,0.8597227118282823,0.871387724923573,0.0010381510201515293,31085300
0,0.96,8.5871,1829.166419409915,0.34330072096634656,0.0667831041046287,0.3312116878063926,0.35538975412630053,0.004459982993849676,31087600
0,2.878559459,36.7086,1839.8237749380833,0.7848679309839752,0.049157031942939675,0.775969557702732,0.7937663042652184,0.0024164137894391916,31088200
0,0.91,0,1984.227860059886,0.7260157881837279,0.0768778265369546,0.712099415072134,0.7399321612953218,0.005910200213046081,31092500
0,0.522945161,22.616,2341.5421475315284,0.6458163962022211,0.3306894447361067,0.585955212499254,0.7056775799051882,0.10935550885987454,32002000
0,0.612380658,41.5027,2454.9583200265643,0.6848259176840521,0.3711063726673965,0.6176484885244596,0.7520033468436446,0.13771993983435254,32002200
0,0.888031333,27.5183,2358.873636304154,0.7120884741649778,0.3350732162412967,0.6514337430550368,0.7727432052749188,0.11227406024228677,32002400
0,0.66602,35.6086,2156.384958441496,0.8308820089174987,0.12600587971836855,0.8080725082408307,0.8536915095941668,0.01587748172359996,32003300
0,0.479175789,35.9402,2413.014444265127,0.6644290271770965,0.3585001181858779,0.5995335738329908,0.7293244805212022,0.12852233473928842,32006900
1,1.061242409,49.6077,2132.525607138579,0.903180560064639,0.06870711087686487,0.8907432444763466,0.9156178756529314,0.004720667085045804,33002800
0,1.952318857,46.4028,2307.5365567709196,0.8901537702829374,0.2529364844417219,0.8443673758232313,0.9359401647426435,0.06397686516173744,34004400
1,1.414248763,34.6453,2213.6312689145334,0.8653317582517218,0.174000028469567,0.8338343886370061,0.8968291278664375,0.030276009907410122,34006200
1,3.74181858,91.891,2210.419477602465,0.9873721625835338,0.03341160136007207,0.9813240166911795,0.993420308475888,0.0011163351054443696,34007900
1,3.755335229,65.1498,2272.1863752932068,0.9740222965027657,0.11388452826151262,0.9534069948180434,0.9946375981874881,0.012969685777347266,34011600
1,3.80675392,52.3481,2197.930560250091,0.9738620647121992,0.057727774339702685,0.9634122213334061,0.9843119080909922,0.003332495930215636,34011900
0,3.862976895,79.7803,2244.0940693462517,0.9830930192949818,0.06420849973920312,0.9714700393076781,0.9947159992822856,0.004122731438759247,34014200
0,2.319991258,68.3543,2214.895387590991,0.9590547207368516,0.08525162471613687,0.9436225282392001,0.9744869132345031,0.007267839516741038,34015400
0,2.218226036,87.0372,2293.5557838873733,0.9619440952168166,0.15561501063596062,0.9337747693223898,0.9901134211112433,0.024216031535230133,34017100
1,2.897784615,56.9242,2301.394391953525,0.9482066165801861,0.19169226332309824,0.9135066103602155,0.9829066228001567,0.03674592381793204,34020600
1,2.932885854,25.9675,2274.331923236014,0.9143518499353702,0.21185101857585242,0.876002719225287,0.9527009806454534,0.04488085407162617,34021700
1,2.298534347,39.8062,2203.8297625016016,0.9271432351759856,0.11737078037411547,0.905896854448768,0.9483896159032033,0.013775900085628848,34022400
1,0.98298,27.6919,2218.9653174319787,0.8084121649164865,0.21012946082737577,0.7703746694468903,0.8464496603860827,0.04415439030760365,34025100
0,0.530352,24.0711,2338.029882480597,0.6543194299556327,0.32837942322160524,0.5948764048133289,0.7137624550979366,0.10783304559535413,37004600
0,3.309527053,0,1757.254906991287,0.32259289109565636,0.08570343279970741,0.3070789125987249,0.33810686959258784,0.007345078393653964,38064500
0,1.7272,0,1740.947790243096,0.12838929514272168,0.037846681824989716,0.12153831392957355,0.13524027635586983,0.0014323713251620071,38078400
0,1.759186885,37.0853,1804.5265688988966,0.512028142402607,0.04940387108885172,0.5030850864630759,0.520971198342138,0.0024407424785638787,38081100
0,2.762704033,0,1785.529063335291,0.3755212821752235,0.08551994678094439,0.3600405181955708,0.3910020461548762,0.00731366129741556,38081700
0,1.3073104,30.4496,2469.7548703644593,0.7162895885638716,0.37466092464450734,0.6484687167656628,0.7841104603620804,0.14037080845547723,40000100
1,1.276628955,68.9313,2459.3111002687865,0.8474651914213083,0.3569656094575541,0.782847513828265,0.9120828690143515,0.12742444633540306,40000200
1,1.787206184,67.703,2421.1023412994364,0.8868665540749576,0.32878098647722553,0.827350838218766,0.9463822699311493,0.10809693706893755,40003100
1,1.237417971,88.5751,2490.705456588707,0.871808201065895,0.3599825425955299,0.8066444002395079,0.936972001892282,0.1295874309735425,40005600
1,2.313318222,83.7379,2379.2170753204587,0.9454637858285526,0.2613153342822708,0.8981606575344027,0.9927669141227026,0.06828570393105493,40005700
1,1.614943182,48.5647,2472.8869577004098,0.8080347574607594,0.36761605957362026,0.7414891424597777,0.874580372461741,0.1351415672564355,40006300
1,1.7952689,49.4781,2295.9082957379983,0.891440918942673,0.24064583419198776,0.8478793698299822,0.9350024680553637,0.05791041751395767,40009201
1,1.106397473,56.1054,2508.1240070040385,0.7798508890794271,0.38098576382092164,0.7108850990932998,0.8488166790655545,0.1451501522342111,40009202
1,0.635248,13.9711,2352.4074620227107,0.6167908373840413,0.33758013794670505,0.555682304971624,0.6778993697964586,0.1139603495361164,43011500
0,3.092527138,38.9627,1868.9674486351755,0.8719876002708038,0.03830819651102989,0.865053075975642,0.8789221245659656,0.0014675179199276822,44001400
0,3.497297297,48.015,1906.5593262725736,0.9435779057044467,0.02245503604336032,0.9395131099903863,0.947642701418507,5.042286437086111e-4,44008000
1,0.924678571,29.1729,2417.81129161672,0.6844302130148815,0.35972864424602413,0.6193123726991294,0.7495480533306336,0.12940469749108258,47001600
1,1.24409581,39.5563,2367.211572291183,0.7928983434963655,0.32854807774040323,0.7334247886250581,0.8523718983676728,0.10794383938691404,47004600
1,2.691745653,39.1464,2293.44541376792,0.920087504905923,0.22094609404394755,0.880091989673883,0.9600830201379629,0.048817176473276915,47005000
1,1.717722105,17.4219,2351.3058310651277,0.7798135005591957,0.3262209202953063,0.7207612061833295,0.838865794935062,0.10642008883831658,47006400
1,2.372684007,36.2851,2283.9815802686526,0.9041159872783915,0.2259784747496472,0.8632095138325884,0.9450224607241946,0.051066271050176935,47006800
1,0.764509613,35.443600000000004,2387.1146631681527,0.7175681082370107,0.3466120318439211,0.6548246283886435,0.7803115880853778,0.12013990061897135,47009500
1,2.478166667,33.1617,2224.7901813975395,0.9194039141975301,0.14968199990394698,0.892308577966197,0.9464992504288632,0.022404701095245186,47009600
1,4.245685358,55.1627,2310.958332918327,0.9703360231785505,0.16511080969905229,0.9404477740430878,1.0002242723140133,0.027261579479476654,47011900
1,3.446957241,69.1301,2055.9293921086273,0.9847771617795527,0.010042513736889453,0.9829592726112932,0.9865950509478121,1.0085208215561337e-4,48000200
0,0.859166667,51.233,2109.2745223161382,0.9010341148421552,0.05637070005895708,0.8908299281485433,0.9112383015357671,0.0031776558251369034,48000900
0,1.635155556,19.4871,2072.6869596398756,0.8842333992502021,0.05404432534646574,0.8744503313622948,0.8940164671381093,0.00292078910215464,48001200
0,1.558461538,10.7289,1935.0539939201403,0.7774713229267198,0.05461364750130016,0.7675851967203835,0.7873574491330562,0.0029826504933962695,48001400
1,4.776182192,47.5787,2055.518705198629,0.9850807573646707,0.011768958427518541,0.9829503483249009,0.9872111664044405,1.3850838246865969e-4,49007900
1,4.508631356,42.2559,2038.8913729691005,0.9819700664525821,0.013390485562827018,0.9795461296474991,0.9843940032576651,1.7930510360827882e-4,49012700
1,2.805257644,62.5897,2082.8758126649827,0.975730886216867,0.0163371564909884,0.9727735449970055,0.9786882274367285,2.669026822110445e-4,49013300
0,3.622018529,49.478,2119.2206379353584,0.9764428201691161,0.024139908567193075,0.9720730299495742,0.980812610388658,5.827351856324416e-4,49013700
1,4.001053755,40.1805,2085.1501331737404,0.9781553124066508,0.019615508728653544,0.9746045260416063,0.9817060987716952,3.847681826838834e-4,49014000
0,0.608394955,31.9657,2396.3279143896552,0.6755316098854834,0.35246121749551257,0.6117293143344195,0.7393339054365474,0.12422890983841903,51006300
0,1.205816,19.6368,2269.7778189381947,0.770589170500178,0.2722033006396802,0.7213151097657963,0.8198632312345596,0.0740946368791361,53000700
0,1.480900046,40.5543,2378.030960271557,0.8174531051579574,0.33018854520192814,0.757682593956062,0.8772236163598529,0.10902447538256572,55000400
0,1.97898087,53.8102,2110.0074195332704,0.9498224602965667,0.033934872213028155,0.9436795922618707,0.9559653283312627,0.0011515755521145506,56003100
0,3.840104497,40.2453,1980.3972503331258,0.9701693646784608,0.016466360178475054,0.9671886350928839,0.9731500942640378,2.7114101752726894e-4,56013800
0,2.011050431,41.6569,1964.3157244855524,0.9184862268289938,0.023395513367855857,0.9142511865341455,0.9227212671238422,5.473500457455221e-4,56014100
0,2.017871549,56.0003,2077.29045299085,0.9560374582343919,0.023109855046890504,0.9518541276191229,0.9602207888496609,5.340654002882905e-4,56021400
0,3.909215145,55.873,1964.781467574317,0.9764929635882769,0.012287109899909325,0.9742687591130358,0.9787171680635179,1.5097306969244975e-4,56023900
0,3.753651612,27.024,1951.5319229198503,0.9503944032311791,0.02533986344662591,0.9458073979761518,0.9549814084862064,6.421086794936479e-4,56024000
0,5.117642353,25.8161,1943.822899161781,0.9661578464537408,0.02174672643628939,0.9622212684744234,0.9700944244330583,4.729201106948079e-4,56024100
0,3.536935535,59.7291,1988.0420331214968,0.9784371704841266,0.011252826843515647,0.9764001912409732,0.98047414972728,1.266261119701463e-4,56024200
0,5.780635016,47.3939,2061.6785942179654,0.9878921178100493,0.010070919817821763,0.9860690865918815,0.989715149028217,1.0142342597699513e-4,56025300
0,3.480729867,44.4474,1956.8014740582196,0.9622618578006485,0.017440739837423738,0.9591047466562127,0.9654189689450844,3.0417940607669946e-4,56029800
0,3.981916522,31.7553,2059.237277176237,0.973899341917364,0.020489465293199498,0.9701903525153268,0.9776083313194013,4.1981818800122675e-4,56030300
0,2.204148546,27.5452,2041.177610884416,0.9288984690469453,0.03206262604450524,0.9230945137704735,0.9347024243234171,0.0010280119888697854,56031000
0,6.205624896,32.2192,1950.2308814252526,0.9766644662010091,0.016223315782752646,0.9737277323505604,0.9796012000514578,2.631959749869111e-4,56032800
0,6.676301156,35.6761,1943.6778930074242,0.9776710339336784,0.015555249956880892,0.9748552329154224,0.9804868349519343,2.41965801221043e-4,56033500
0,3.513416918,32.0405,1996.5330028369945,0.9630284971657695,0.020442352254857035,0.9593280361346492,0.9667289581968899,4.1788976571165853e-4,56036000
0,2.86512,44.4474,1956.8014740582196,0.9488235724400571,0.019259105324721856,0.9453373019825347,0.9523098428975795,3.709131379087298e-4,56037800
0,2.851681712,30.9364,1935.0900254094815,0.92258309163168,0.028842391850362397,0.917362061010744,0.9278041222526159,8.318835676498511e-4,56038300
0,4.105107076,35.4491,1964.5256649133225,0.9671026648484785,0.018512544723559187,0.9637515362952502,0.9704537934017068,3.4271431214177904e-4,56038500
0,4.974238992,34.2435,1967.4588717843685,0.9756951103862834,0.016261896264232252,0.9727513927226954,0.9786388280498715,2.644492701086508e-4,56038601
0,5.075180135,35.2293,1975.3029538140368,0.9779216357414264,0.015184139344319548,0.9751730129198328,0.98067025856302,2.3055808762771285e-4,56038602
0,4.28554742,28.9729,1982.6885969828993,0.9688782455642884,0.019534660698996332,0.965342094255888,0.9724143968726887,3.816029686249118e-4,56038603
0,5.079912681,51.9574,1893.8911612038453,0.9653681864526026,0.018545795072229712,0.9620110389433367,0.9687253339618684,3.4394651486113986e-4,56038700
0,3.16920375,29.4997,2055.658930150594,0.9610052641536062,0.025735660560446044,0.956346611967851,0.9656639163393614,6.62324224482498e-4,56043700
0,3.15,25.0936,2023.5090112149153,0.9532048314399267,0.02598006126618088,0.9485019380007054,0.9579077248791481,6.749635833945122e-4,56048100
0,4.293231034,40.2743,1980.9131185990973,0.9753079831462576,0.015139980695081157,0.972567353894027,0.9780486123984881,2.2921901544743008e-4,56050100
0,5.735125412,34.0585,1958.1430534202216,0.9771539844991376,0.015460402823652184,0.9743553526459587,0.9799526163523165,2.3902405546959241e-4,56051700
0,1.976865455,26.3014,2057.387342238096,0.9188217501248943,0.03803666630931109,0.9119363780465471,0.9257071222032415,0.0014467879839258813,56052200
0,3.31378406,65.2463,2004.1194237261718,0.9803616309531624,0.010283894722046558,0.9785000471592507,0.9822232147470742,1.0575849065413704e-4,56052300
0,1.421428571,24.014,2121.7875424227873,0.8732102109982807,0.08278529785808375,0.8582244713507928,0.8881959506457685,0.006853405541451646,56060400
0,2.39050416,42.174,2088.921941244427,0.9519203508938023,0.03018095625066618,0.9464570142339519,0.9573836875536528,9.10890120204626e-4,56061300
0,3.197126667,36.901,2086.8638294834373,0.965542492820024,0.026410909112878484,0.9607616075896834,0.9703233780503646,6.975361201687277e-4,56071100
0,3.42765977,59.0366,1834.6465284497847,0.876924090093991,0.03707865302913712,0.8702121369434844,0.8836360432444975,0.0013748265104551395,56074900
0,3.132495738,41.7292,1961.5038298904553,0.9545117599082926,0.019216763623756627,0.9510331541173634,0.9579903656992218,3.6928400417133596e-4,56075900
0,2.595694864,51.6239,1986.761091854218,0.9576570047527759,0.016081452946268414,0.9547459508187884,0.9605680586867634,2.5861312886304506e-4,56076100
0,4.370063079,54.5075,1964.9145851092283,0.9797618557137536,0.011661041594500115,0.9776509817074382,0.981872729720069,1.3597989106866178e-4,56076800
0,3.750885167,54.5075,1964.9145851092283,0.9742086397477333,0.01298723518764498,0.971857699057801,0.9765595804376657,1.686682778192039e-4,56077000
0,3.586146963,50.7404,2124.33620592854,0.9767058492777905,0.025105632991558133,0.9721612442642067,0.9812504542913743,6.302928079068123e-4,56078100
0,2.453629091,54.1411,2072.6948366691245,0.965095387650579,0.02000331098906191,0.9614744015778625,0.9687163737232956,4.001324505251249e-4,56078200
0,3.218995556,43.6683,2101.9177255362983,0.9691709158545576,0.02579603969100222,0.9645013338786818,0.9738404978304335,6.65435663739762e-4,56078300
0,3.358389167,40.3624,2013.1515006870623,0.9687809971350017,0.01725168442536285,0.9656581086757212,0.9719038855942821,2.9762061551230704e-4,56078400
0,3.872203999,54.5075,1991.1539540820174,0.9795769004801304,0.011672639816122956,0.9774639269714382,0.9816898739888225,1.3625052027693894e-4,56078600
0,1.65656,14.4212,2145.252118237362,0.8623012525384313,0.114301611598177,0.841610450705056,0.8829920543718065,0.013064858413940512,56082400
0,3.543620901,38.3779,2050.9173266888306,0.9719913931004829,0.018754973821299897,0.9685963801929585,0.9753864060080073,3.517490430376445e-4,56087700
0,3.038622857,43.0403,1925.3968023788475,0.9361880414308729,0.02286162340191994,0.9320496455431466,0.9403264373185991,5.226538245712135e-4,56091500
0,1.373084,13.0995,2221.7427606195415,0.794706239967415,0.22297996984982196,0.7543425538875222,0.8350699260473077,0.04972006695422752,56094500
0,5.90242268,23.6048,1981.3810521149826,0.9765992655324556,0.017481708025162114,0.9734347383538788,0.9797637927110323,3.0561011547701743e-4,56163600
0,2.836363636,39.522,2041.474569967181,0.9614950397123905,0.020823063895423478,0.9577256625128936,0.9652644169118874,4.3359998999288883e-4,56164100
1,4.411078259,62.6014,1831.8391514917232,0.9161961289994028,0.03288309942423123,0.9102436521765407,0.922148605822265,0.0010812982277438766,58006700
1,3.193642554,95.3389,1802.689589250368,0.8859823345577682,0.04077385424114308,0.878601478537538,0.8933631905779984,0.001662507189677982,58008100
1,1.119950374,72.6859,2177.7319215064813,0.934200007070729,0.08023578960788551,0.9196757777137773,0.9487242364276808,0.006437781934000869,58011900
1,1.065306409,32.746,2174.9912490438855,0.8511426727785187,0.1389381352115451,0.8259921837997035,0.876293161757334,0.019303805416061588,58014200
1,2.971349792,37.534,1944.4942410839003,0.9390852341479436,0.02329305616108726,0.9348687405886313,0.943301727707256,5.425664653235652e-4,60021700
1,2.869531341,53.8255,2133.6468341059335,0.9688033700564282,0.03269934664275771,0.9628841560400536,0.9747225840728029,0.00106924727086323,61004100
0,3.770220354,71.178,2052.823808270432,0.9873674715863923,0.008776817679459826,0.985778697878006,0.9889562452947785,7.703252857847857e-5,61006400
1,1.50344411,34.3127,2268.9199031343405,0.8433101817358293,0.24318440611518277,0.7992891020192548,0.8873312614524037,0.05913865537759414,61007200
0,2.393301245,23.7331,2111.3023721380996,0.9269409912573806,0.055524411535101736,0.9168899991504077,0.9369919833643535,0.003082960276319339,61007800
0,1.497417492,51.2577,2136.2989551426435,0.9245821225760402,0.05854872460815409,0.9139836713247763,0.9351805738273041,0.0034279531532414686,61011100
1,2.902281501,73.0834,2125.6580680929887,0.9804434558208732,0.019802707215791828,0.9768587829099898,0.9840281287317566,3.9214721307437376e-4,61013000
0,3.154992868,18.0044,2167.1423433379928,0.9339300395737282,0.08982785887178567,0.9176694602079151,0.9501906189395414,0.008069044229489444,61014900
1,0.581468485,8.2124,2236.6845825180967,0.6714789221609436,0.2637929610510139,0.6237272955143003,0.719230548807587,0.06958672630006173,61018000
1,2.010295533,140.4056,2400.5280588096944,0.9781519050306298,0.21239040382368743,0.9397051351611441,1.0165986749001155,0.045109683636389016,62000100
1,1.620207402,69.9818,2445.61891781089,0.8783098163026313,0.3441599111008314,0.8160102177229303,0.9406094148823323,0.11844604440893215,62000200
1,1.374132653,73.4949,2560.963686449474,0.8294645324690325,0.38835777010840616,0.7591642667998766,0.8997647981381884,0.15082175760357364,62000600
1,2.126621639,77.2807,2441.518152602082,0.9167047247566749,0.32521539730145416,0.8578344494854722,0.9755750000278776,0.10576505464194268,62000700
1,2.384916201,94.8291,2517.023110291438,0.9406510625946948,0.34700706486004373,0.8778360741320574,1.003466051057332,0.12041390306278262,62001200
1,3.153934872,104.7023,2394.357446238494,0.9761450394786926,0.21661568222791683,0.9369334125181268,1.0153566664392584,0.04692235378706584,62001300
1,1.92020973,124.5107,2550.0711851429305,0.9491925083769295,0.3502624819605204,0.8857882264724137,1.0125967902814452,0.12268380626914388,62001600
1,2.342758621,133.4108,2264.9682605730322,0.9876989223379737,0.06031031039954403,0.976781589996474,0.9986162546794735,0.0036373335404893486,62002400
1,2.790909091,59.5418,2366.588688493345,0.9341395393047403,0.2675029268257821,0.8857163371170259,0.9825627414924546,0.07155781586035972,62004600
1,2.67641519,99.5063,2460.319750706862,0.9606234232647799,0.3016024572843298,0.9060275467161013,1.0152192998134584,0.09096404223994596,62005400
1,2.015166045,88.5351,2417.9286825068957,0.9336204184580675,0.2999637273307519,0.8793211837174424,0.9879196531986927,0.08997823771415767,62005600
1,2.258035189,127.258,2379.725515987493,0.9766109340986546,0.1979128150455044,0.9407848877364415,1.0124369804608677,0.039169482359236035,62005700
1,2.541080272,76.2798,2339.8777438789516,0.951848581130746,0.2202658559053999,0.9119762021548568,0.9917209601066352,0.04851704727773839,62006100
0,1.723939394,53.7737,2450.2031300474173,0.8413336860578469,0.35470872341264725,0.7771245484780436,0.9055428236376502,0.12581827846502988,62006200
1,1.7272,89.8342,2429.395109087859,0.9193339340711575,0.31531647681744646,0.8622555548129259,0.976412313329389,0.09942448055256724,62006700
1,3.168385215,67.6812,2363.4125426541555,0.9562421164780959,0.23958097361484457,0.9128733277199949,0.9996109052361969,0.057399042918236845,62007300
1,1.1176,72.6197,2523.689869695437,0.8208367984183366,0.3803926578836994,0.7519783720751332,0.88969522476154,0.1446985741718252,62007500
1,2.366608125,112.2431,2481.1570167851696,0.9586863182278564,0.3112559232156712,0.9023429776863446,1.0150296587693681,0.09688024973683981,62007800
1,3.436627517,102.9454,2292.971779227754,0.9857205937951361,0.09248342764377841,0.9689793051335576,1.0024618824567146,0.008553184388741997,62008200
0,0.855167312,79.6483,2468.354174191272,0.8261574787736086,0.36120446031684605,0.7607724872126821,0.891542470334535,0.13046866215278402,66000800
0,0.699489412,79.6483,2312.00625740824,0.8805563012389164,0.25779600594729407,0.8338902394230727,0.92722236305476,0.06645878068237729,66001000
1,0.865005755,44.5706,2358.910750109705,0.7831008525877117,0.32658711405863644,0.7239822700599661,0.8422194351154573,0.10665914306914881,66002700
1,1.500496886,29.5844,2393.818391842424,0.771762607304258,0.34467060964171964,0.7093705624137976,0.8341546521947185,0.11879782915079466,66002900
1,1.126929388,35.8611,2476.107072848608,0.7116337323622459,0.37632412728412656,0.6435117887266067,0.7797556759978851,0.1416198487761595,66003800
1,1.207806486,50.3438,2463.853047966872,0.7850663576149913,0.3678222380429321,0.7184834203244006,0.851649294905582,0.1352931987989114,66003900
0,0.848666667,10.1321,2428.8041026984142,0.5731753763001324,0.36605732874439917,0.5069119217188337,0.639438830881431,0.1339979679274851,66004500
1,1.121986,51.2453,2471.1021167451636,0.7784495835034626,0.3707799988172072,0.7113312343215139,0.8455679326854113,0.13747780752288816,66004700
1,1.088043192,46.6683,2420.9196089782295,0.7744163459171064,0.35382006036864944,0.7103680735314409,0.8384646183027719,0.12518863511927475,66005200
1,1.409765113,31.6218,2433.369721260015,0.750570761977601,0.36143836745018776,0.6851434287027152,0.8159980952524868,0.13063769346505694,66005500
0,5.924982534,32.1603,1602.4340590115405,0.22906137352501332,0.050803871213097575,0.21986489049261412,0.23825785655741252,0.0025810333302370048,69011800
0,2.9508,0,1785.529063335291,0.3961754221717731,0.0908071497850838,0.37973757221509974,0.41261327212844645,0.008245938452090644,69012100
0,1.7272,2.7606,1765.9908612031306,0.2001577489816563,0.04846876922043927,0.19138396456142248,0.20893153340189013,0.0023492215897442013,69017400
0,2.740208,0,1796.117812979417,0.4153501768009379,0.08931831698197751,0.3991818343696737,0.4315185192322021,0.007977761748493012,69022400
0,1.530096,41.919,1706.4698825918874,0.15294877411956426,0.040527237080916254,0.14561256057392052,0.160284987665208,0.0016424569454127932,69037200
0,2.77368,32.8126,1678.1154980638266,0.17226546168702056,0.03141774022504652,0.1665782432133725,0.17795268016066862,9.870744008485062e-4,69037800
0,2.440792,0,1760.8359770355237,0.25075050710723545,0.061987064313567666,0.23952964988561104,0.26197136432885987,0.0038423961422143745,69047000
0,4.846602398,101.6158,1672.8626267247892,0.6568174038077939,0.08580612347689576,0.641284836312666,0.6723499713029217,0.0073626908261322805,69049000
0,1.572768,17.3516,1712.1937001233296,0.10434706591443649,0.030666723071210645,0.09879579606728821,0.10989833576158477,9.404479039263232e-4,69049100
0,0.70104,15.5561,1719.7334983660903,0.06860223740276583,0.0300097612069864,0.06316989035604607,0.07403458444948559,9.005857677003458e-4,69051200
0,2.214110173,0,1782.5966343592713,0.2978646548287097,0.06795520490606773,0.28556344875997325,0.3101658608974462,0.004617909873825651,69061700
0,2.533787666,7.9064,1782.5966343592713,0.37573128697276803,0.07200267564184665,0.3626974104390272,0.38876516350650886,0.005184385299584977,69084500
1,3.114285714,39.4119,1741.8129277410471,0.4380167404965317,0.05393559239906066,0.4282533553745632,0.4477801256185002,0.0029090481274376095,69091400
1,7.12762,64.2083,1593.785578504188,0.3768890136807036,0.09945043976650275,0.35888656111087874,0.39489146625052846,0.009890389969750791,69130600
1,1.953601905,61.9324,2464.8429764074135,0.8702535715065669,0.3529061919899025,0.8063707269679988,0.934136416045135,0.12454278034481389,70001700
1,2.729698473,93.0776,2442.397241298894,0.9582610830017682,0.293596360178429,0.9051144648350212,1.011407701168515,0.0861988227100218,70002600
1,1.247815916,41.2879,2526.1136429147155,0.7208831066677266,0.38819615684779046,0.6506120961236935,0.7911541172117597,0.15069625619139432,70005000
1,1.325889039,93.2801,2378.0772858945893,0.9180000015946226,0.2826904424942794,0.8668275654053539,0.9691724377838913,0.07991388627761147,70007200
1,0.704748603,32.4735,2649.217376859296,0.5068691727199358,0.4101563729398337,0.43262293844086125,0.5811154069990103,0.16822825026315996,70007600
1,1.539803687,43.8676,2386.613259929722,0.8270400416574633,0.33182232408930107,0.7669737848862312,0.8871062984286953,0.11010605476402514,70009500
1,0.771435176,62.7059,2396.3257475857604,0.8096817726447726,0.3381724558205156,0.7484660192441468,0.8708975260453984,0.11436060987567856,71005500
1,0.878836842,74.6211,2342.657519957269,0.8700728548333909,0.2880407969189319,0.8179319010388939,0.9222138086278879,0.08296750068969337,71006700
1,3.109710029,82.5471,2203.357523316114,0.9800295564533563,0.04376550682202483,0.9721071534694409,0.9879519594372718,0.0019154195873887024,71008100
1,3.640015453,108.5129,2203.357523316114,0.9913739618395753,0.022865977091987046,0.987234777849764,0.9955131458293865,5.228529083712763e-4,71008200
1,0.797677122,52.4309,2308.8211575690057,0.8232404823983236,0.2844196016157552,0.7717550349730751,0.8747259298235721,0.0808945097832649,71014700
1,1.261177994,42.1856,2330.949136214809,0.819091254019322,0.30138761786762364,0.7645342675591987,0.8736482404794453,0.09083449620392071,73001400
1,2.877812766,33.9525,2254.1673432817884,0.9270497451031408,0.17251911110790272,0.8958204501658803,0.9582790400404012,0.029762843697460885,73001500
1,2.437601058,28.7857,2299.1848262073763,0.8869157546310911,0.2538349377676224,0.840966722746918,0.9328647865152642,0.06443217563149273,73003500
0,2.737209937,26.0638,2256.295805151067,0.9098718845792492,0.19536299413765082,0.8745074051046532,0.9452363640538451,0.03816669947842779,73005500
0,2.237557391,38.189,2251.7427920247005,0.9050913453894978,0.18575845340681968,0.8714654735004258,0.9387172172785697,0.034506203012093596,73007000
0,1.621288066,51.0528,2259.667902075172,0.8957032031823173,0.19894286584730916,0.8596906977079319,0.9317157086567027,0.03957826387154045,73007200
0,2.057823622,70.0172,2227.4968457300447,0.9511902446937514,0.10533375312465906,0.9321227986464486,0.9702576907410541,0.011095199547326622,73008200
0,0.726117231,40.748,2227.4968457300447,0.8215362577682752,0.21082328467986008,0.7833731667656125,0.8596993487709379,0.04444645736320533,73008300
0,0.775563806,34.9456,2227.4968457300447,0.8072633996860913,0.2177156854306674,0.7678526508761836,0.846674148495999,0.04740011968254532,73008600
0,0.775023333,19.313,2227.4968457300447,0.74992929601299,0.23904403017722128,0.7066577043994284,0.7932008876265515,0.05714204836336828,73008700
0,1.550211185,37.9989,2227.4968457300447,0.877393906415731,0.18140514343398675,0.8445560678072727,0.9102317450241894,0.03290782606430531,73008800
0,0.705500787,41.4524,2227.4968457300447,0.8229042890843439,0.21055427553429462,0.784789893938585,0.8610186842301027,0.044333102945771655,73008900
0,5.057482529,39.1103,2194.7012540817796,0.9775882099523103,0.05319213868642558,0.9679594043277377,0.9872170155768829,0.002829403618035933,73010600
1,2.841351565,75.9646,2210.698911146084,0.9732985165216784,0.05958520415124228,0.962512442431764,0.9840845906115928,0.00355039655374522,73012300
1,3.336931633,126.7983,2202.5481913175827,0.9930830652772951,0.018105918761314718,0.989805543885746,0.9963605866688441,3.2782429419132836e-4,73012800
0,1.64592,37.8092,2227.4968457300447,0.8836661001852686,0.17773043719890236,0.8514934544594206,0.9158387459111166,0.03158810830691298,73013300
0,1.68855,53.9042,2227.4968457300447,0.9186715207962881,0.1466643754454547,0.8921224329406796,0.9452206086518966,0.021510439024805292,73015600
0,1.192044414,38.7068,2227.4968457300447,0.8566636649497685,0.19519906521221542,0.8213288597804034,0.8919984701191337,0.03810267505972272,73015700
1,2.577018367,18.0155,2220.080193296231,0.9017359904819748,0.16876967252051936,0.8711854164281144,0.9322865645358352,0.028483202362683348,73018300
0,1.745252932,30.2333,2276.116742424626,0.8472561581219803,0.24914370771243752,0.8021563295873438,0.8923559866566168,0.06207258709270049,73019600
1,2.912301832,29.7533,2215.1919219744073,0.9340015351949428,0.12890189987585998,0.9106677988723699,0.9573352715175156,0.01661569979160623,73024900
0,1.524,84.3502,2422.6108641340934,0.8996920191478683,0.32130914875728295,0.841528850394319,0.9578551879014177,0.10323956907512977,73025100
0,0.669253509,25.0092,2282.693564677126,0.7063691456682586,0.2899013385817097,0.6538913978573955,0.7588468934791217,0.08404278611146708,75007500
0,5.13521703,32.6291,2090.715342496173,0.9812753315293197,0.01872505099217114,0.9778857352324549,0.9846649278261844,3.5062753465940947e-4,77000700
1,2.21276,18.6865,2193.4526030431275,0.8912426816085562,0.14576189148566743,0.8648569608000845,0.917628402417028,0.02124652900947949,77001900
0,1.8288,41.5373,2116.1836215289086,0.9295209151328938,0.04894900824805577,0.9206601981627673,0.9383816321030203,0.002396005408468232,77008400
1,2.969630047,37.4059,2143.7543477591003,0.9549568232386795,0.05016224353911986,0.9458764872217725,0.9640371592555864,0.0025162506768779723,77008900
1,1.30048,58.2482,2143.159751663099,0.9270195185269954,0.06110971304474003,0.9159574788494786,0.9380815582045121,0.0037343970284104693,77015000
0,1.358947368,16.2764,2159.098062307738,0.8366062478341199,0.13677116979516002,0.8118480214960784,0.8613644741721613,0.018706352887136495,77016300
0,1.575887536,19.9471,2148.5944272037023,0.8681063801127242,0.11092272677997389,0.8480272217655057,0.8881855384599427,0.012303851316304737,77016400
0,1.426077333,22.6346,2198.7196845509143,0.8378609142507063,0.17475542333145222,0.8062268035596866,0.869495024941726,0.030539457983755073,77018200
0,1.190263158,63.6795,2214.76388640223,0.9146159121673296,0.13430506285536956,0.890304098869994,0.9389277254646653,0.018037849908584768,77019500
0,2.118205128,31.6113,2154.6548004206197,0.9180700826139565,0.0828076370765373,0.9030802991359779,0.9330598660919351,0.006857104758199515,77020100
0,2.467977136,52.3506,2084.3028924943683,0.9636740587619461,0.022744975778327445,0.9595567783495866,0.9677913391743056,5.173339231567022e-4,77021500
0,1.979015658,33.1724,1883.592964872542,0.7985312587186066,0.03889623721700069,0.7914902876853185,0.8055722297518948,0.0015129172696411897,80003000
0,1.036931741,20.9465,2072.4785963219256,0.8449957448030849,0.06384324905258495,0.8334388822525405,0.8565526073536294,0.00407596044959039,80003400
1,1.90334624,30.751,2396.5026492773372,0.815736648314983,0.33992761958843537,0.7542031763345456,0.8772701202954205,0.11555078655906002,81005500
1,1.472353788,64.2588,2424.5611292432113,0.8634459876291543,0.3398920932550526,0.8019189466019957,0.9249730286563128,0.11552663505730136,82000100
1,1.068771454,89.9575,2331.142634653044,0.9140966257933301,0.24932198902055291,0.8689645248946802,0.9592287266919799,0.06216145420916471,82002100
1,2.215771028,36.4059,2316.4765236526714,0.881607255986409,0.2681637998114541,0.8330644230096587,0.9301500889631593,0.07191182352931763,82003000
1,2.869474286,34.6842,2318.5217322195253,0.9139841484058451,0.2519117768534596,0.8683832458333437,0.9595850509783465,0.06345954331746723,82005200
1,1.449103059,52.3382,2293.726975698548,0.8769312631328987,0.24700861642349511,0.8322179274056513,0.9216445988601462,0.06101325658744934,82005400
1,1.755896,58.4578,2314.557649939321,0.9005695178754975,0.2498298283265487,0.8553454882428899,0.9457935475081052,0.062414943121672804,82005900
1,1.281219512,47.1224,2450.2902875051705,0.7833052497073157,0.3633547079478813,0.7175310217480186,0.8490794776666128,0.13202664378789009,82007400
1,1.280818713,88.2212,2524.578806219473,0.8698582360950136,0.37244975006973857,0.8024376296500735,0.9372788425399536,0.13871881632701075,82009000
1,2.567966935,136.3289,2364.0216689003896,0.9835011646851479,0.15410406771531562,0.9556053486749256,1.0113969806953702,0.023748063686406584,82009200
1,0.686613725,86.9062,2569.8354650650354,0.7984410196396166,0.3922855295515608,0.7274297535641568,0.8694522857150763,0.1538879366955485,82009400
1,3.281483695,55.8802,2365.1669196831044,0.9466636448829404,0.2564644462709179,0.9002386211155371,0.9930886686503437,0.06577401220104855,82010100
1,3.111447488,62.1781,2365.1669196831044,0.949019736692357,0.25199354831014953,0.9034040319050631,0.9946354414796508,0.06350074838993966,82010300
1,4.3383504,49.5797,2303.1088479473215,0.9687851886183962,0.16264063140124668,0.9393440895181637,0.9982262877186288,0.026451974982596188,82010400
1,4.36774,49.391,2305.342286425392,0.96884836298302,0.16504990605325032,0.9389711385850793,0.9987255873809607,0.027241471488186758,82010600
1,2.342948718,94.3549,2420.492882590136,0.9513807457034211,0.28508483423383624,0.8997748783113729,1.0029866130954694,0.08127336271013388,82011800
1,2.54657277,64.2225,2338.6936873419495,0.9401592949875774,0.2384975994670663,0.8969866178983292,0.9833319720768257,0.05688110495155319,82013000
1,2.94459364,63.41,2186.516517882875,0.9692423962305368,0.052209998216347094,0.9597913770217005,0.978693415439373,0.0027258839137509665,82015300
1,1.759383026,108.9763,2234.2461560660645,0.9738235662295476,0.0723093372348256,0.960734178017874,0.9869129544412212,0.005228640251339736,82015900
1,1.670827015,100.4841,2402.9223754443246,0.9349585550004171,0.2841182980550169,0.8835276493456631,0.9863894606551712,0.08072320728967944,82016300
1,3.863733183,123.0549,2281.1641420779383,0.9929632253587677,0.053877670546954845,0.9832103252120064,1.002716125505529,0.002902803383566206,82016700
1,0.794166667,46.6992,2360.544610343169,0.7827624683568255,0.3273671303049845,0.7235026878061095,0.8420222489075415,0.10716923800412068,82016800
1,1.881771429,52.8047,2350.946067611005,0.8855389458506434,0.28981503673562686,0.8330768203426523,0.9380010713586345,0.08399275551807275,82028700
1,1.2192,162.4971,2406.3022868710195,0.9797246946672311,0.22135909784969265,0.9396544177605164,1.0197949715739458,0.0489998502008298,85001100
1,3.680685714,147.7769,2300.297390015122,0.9950129290892921,0.05211695518123406,0.9855787524688899,1.0044471057096942,0.00271617701736276,85001200
1,5.300371429,27.5472,2241.118380641303,0.9698514682198892,0.1068168596667491,0.9505155512111442,0.9891873852286343,0.011409841509065972,86001100
1,1.688359355,35.6012,2380.6166044196243,0.8173158249609702,0.3315338920934481,0.757301779958104,0.8773298699638364,0.10991472160663007,86002300
1,1.283333333,17.3691,2393.008790317431,0.7035332788864014,0.3512107779154874,0.6399573370778014,0.7671092206950013,0.12334901052400181,86003100
1,2.091133333,40.236,2397.0853206967067,0.8570588029901636,0.33048288041892704,0.7972350114227303,0.9168825945575968,0.10921893424999084,86005100
1,2.3876,93.3329,2326.1491645121923,0.9651477562209778,0.18057498960674043,0.932460191507092,0.9978353209348636,0.03260732687147441,86005300
1,4.279303623,22.2808,2305.932580894878,0.9404335222314717,0.21695713046897147,0.9011600865370373,0.9797069579259061,0.047070396461330315,86006600
1,1.2192,55.4047,2348.5555006103596,0.8487166021891042,0.30350597108265975,0.793776152836616,0.9036570515415924,0.09211587448282829,86008800
1,1.005963889,90.8301,2445.6122483556314,0.8691758007819997,0.34153039805791857,0.8073521949072874,0.9309994066567121,0.1166430127976003,86009000
1,1.033155963,38.4901,2414.4510384608343,0.736116278258479,0.35489910163554605,0.6718726785391809,0.8003598779777772,0.12595337234171763,86010600
1,1.678093333,31.6255,2292.7351997630676,0.8396317874802467,0.2673349714028661,0.7912389884716634,0.88802458648883,0.07146798693497124,86010700
1,0.9906,31.6255,2292.7351997630676,0.7736701539186576,0.2861691779977093,0.7218679993384949,0.8254723084988203,0.08189279843588462,86010800
1,2.29630339,86.2246,2312.8657929996557,0.9592960412669915,0.17907515247865696,0.9268799760741152,0.9917121064598678,0.03206791023525424,86011400
1,1.74554,39.647,2295.96120783205,0.8671477628298577,0.2574488164037588,0.8205445490346454,0.9137509766250701,0.0662798930676963,86012000
1,4.4196,28.4431,2371.5037407142268,0.9365090530351057,0.2752813350758102,0.8866778085509607,0.9863402975192507,0.0757798134411205,86012300
0,3.401868063,42.4546,2204.430576783208,0.9611781753386135,0.08317281559170368,0.9461222874883038,0.9762340631889231,0.006917717253451547,86013401
0,2.026778351,42.4546,2204.430576783208,0.9210350733014258,0.12311925104286608,0.8987481082308287,0.9433220383720228,0.015158349977356282,86013403
1,1.393406897,49.5692,2315.970559304342,0.8582013251678932,0.27646513978275084,0.8081557891417632,0.9082468611940231,0.07643297351509595,86014000
1,2.5689768,22.4853,2282.6159342016795,0.8843193066180135,0.24065353713740925,0.8407563631232575,0.9278822501127695,0.057914124936746414,86015600
1,1.246065882,59.9248,2334.5918937042907,0.8679880395682215,0.2861147076982609,0.8161957451654958,0.9197803339709472,0.0818616259612613,86016800
1,1.554487167,28.2537,2337.041135725456,0.803264787260723,0.3118875540837184,0.7468071093188905,0.8597224652025556,0.09727384639232435,86018200
1,1.336613091,72.4792,2263.5067293191964,0.9208775672830001,0.17945800193005845,0.8883921989366492,0.9533629356293509,0.032205174456728866,86018300
1,0.824904706,34.5867,2470.6553470699046,0.6654431243609866,0.37611318360091256,0.5973593656108128,0.7335268831111604,0.14146112687841378,86018400
1,1.250472727,33.8989,2453.8826356156915,0.730505317467207,0.3691609943541503,0.6636800393981156,0.7973305955362985,0.13627983975254498,86018800
1,1.615491654,80.1355,2416.5153454308597,0.9009399364928827,0.31881634369669004,0.8432280136561389,0.9586518593296266,0.10164386100812599,86019900
1,1.935138137,34.4344,2373.9832113579105,0.8359924476616774,0.32397928922396446,0.777345931853866,0.8946389634694887,0.1049625798460652,86021700
1,2.059700699,26.973,2344.199312276483,0.8402474207501713,0.30770736808483135,0.7845464373021459,0.8959484041981968,0.0946838243736939,86022100
1,1.631305691,46.5788,2342.338914282902,0.8567817518690745,0.2966625872384174,0.803080087315953,0.9104834164221959,0.0880086906669916,86022300
1,2.371124731,36.6185,2322.4758769482823,0.888458102086102,0.26907351647291433,0.8397505928033607,0.9371656113688432,0.07240055726709971,86022700
1,1.268472394,30.9686,2421.963609896701,0.7378387486961417,0.3584860565263968,0.6729458407842981,0.8027316566079854,0.12851225272384698,86022900
1,1.542212912,30.9686,2421.963609896701,0.7679278630284024,0.35599331939747036,0.7034861887364191,0.8323695373203858,0.12673124345562933,86023000
1,3.137513311,43.3619,2189.402430788008,0.9585095101104066,0.07371753804876204,0.9451652103224625,0.9718538098983508,0.005434275415970679,86023300
1,2.662142857,16.4028,2269.099984745969,0.881861451644502,0.23169128964191735,0.839920848240302,0.923802055048702,0.05368085369593483,86024200
0,2.923392453,46.632,2124.0105641527753,0.9655471196367247,0.03337993757864033,0.9595047055010599,0.9715895337723894,0.0011142202327539248,86024300
1,2.673425688,64.1911,2281.527507632275,0.9515237842689448,0.1609913858069175,0.9223812305110719,0.9806663380268177,0.025918226304031757,86025100
1,1.3716,40.7474,2260.121261934133,0.8583505266546065,0.22743603482178856,0.8171802066523879,0.8995208466568252,0.051727149935457815,86025200
1,1.385613675,23.5266,2365.556535954091,0.7520731455567377,0.3350029013582233,0.6914311428002403,0.812715148313235,0.11222694391842751,86027300
1,5.607286355,51.8816,2197.8022457129455,0.9845912897624758,0.038739946771757856,0.9775786103218062,0.9916039692031454,0.0015007834758786317,86027900
1,1.71440995,38.0776,2274.2786207209,0.8679485922444365,0.2359744967639667,0.8252326455311223,0.9106645389577508,0.05568396312300733,86028100
1,2.489380117,36.697,2270.8448708451024,0.9115847652231759,0.20401985595654354,0.8746532263704208,0.948516304075931,0.04162410162452878,86028400
1,2.65544,42.4865,2295.71266910323,0.9235234365672986,0.21924227013921688,0.8838363464071263,0.963210526727471,0.04806717301579735,86028800
1,5.37935631,51.8816,2197.8022457129455,0.9839456592492257,0.04043451634913247,0.9766262299488815,0.99126508854957,0.0016349501123882608,86028900
