ACCESS,GFDL,IPSL,MIROC5,MRI,DOWLKNUM
0.12950313152268358,0.13239922584209954,0.13534466549788335,0.12016649779374297,0.13485801069610784,1006200
0.2649131594300407,0.2574791658404793,0.2738485211731324,0.25092503083651585,0.2842598840721747,1010400
0.15525973725628026,0.15325871139602332,0.1550075445582163,0.15896776742107205,0.15426578837892252,1015700
0.1499915583078326,0.1547867082159362,0.15831078923512248,0.15569328283380124,0.15394694867957687,1020400
0.7289266293569312,0.7260885333250849,0.6981984037041188,0.7587828264447011,0.7056671547273818,2000300
0.7233728717302379,0.7510430790537718,0.7289696326120584,0.7568301319924814,0.7500068235904267,2000400
0.627511478479365,0.6677056542165287,0.6452509773643711,0.6677006081716493,0.6680491065110761,2000500
0.9433316763093116,0.9563666723775653,0.9583033571359283,0.9502063828060701,0.9563959103419346,2000600
0.7504819791081839,0.788827898328542,0.7724257878475074,0.7895062296713823,0.7878125406254096,2000700
0.6543712739262034,0.6936206101008879,0.6969070219464681,0.6903151847304275,0.688106110572779,2002600
0.3734454149975577,0.3748720069556454,0.36047193330596766,0.42184780873692096,0.37978641297035376,2004200
0.6630945214771369,0.6726679373859528,0.662025361038312,0.7084716733850019,0.6573802151583895,2005300
0.9749969385744315,0.9758313231415229,0.9775408121169666,0.9749571960446641,0.9764189300548358,2008400
0.3853919167237599,0.3792659821954463,0.37735934153319073,0.413652384699966,0.37286521599751477,2009100
0.1811194880600523,0.18754289012717346,0.18808974198360112,0.18756115087657627,0.17878162696643204,3028700
0.15318534894193833,0.15669635861013467,0.15781488635332042,0.13601176334854553,0.14430371421216875,3035900
0.08447993701347156,0.08601076668284496,0.08149011076634248,0.07647433160694961,0.0770486429724001,3036000
0.31144456715704694,0.30719406157194656,0.3039647332778195,0.27347697451917513,0.28442651307081207,3036300
0.06700577362942471,0.06737835534844684,0.06355929908263795,0.05992263941346719,0.0614931192027999,3037700
0.2380669613161591,0.23652711327878426,0.23419106025032435,0.21822973045209737,0.2193208211681692,3038100
0.10699071759292855,0.11130898720709466,0.11221196262019832,0.10025664203208785,0.10277186605376921,3038600
0.08634682273108586,0.08839516786558753,0.08532989152126953,0.0802071580469995,0.08074227219959114,3038700
0.22155609143552515,0.22433313878660183,0.22331424766225752,0.20093765949512601,0.21046343156116692,3047500
0.16291858371169163,0.16423751861699976,0.1613657219234022,0.15573783653466194,0.1553725307475655,3050000
0.15062661166457933,0.15032956773819398,0.14919127083914316,0.1446479319892324,0.14329489896982048,3050300
0.2362117755817294,0.23912795775197157,0.2317816841784032,0.23364216602635146,0.22567252479583272,3057600
0.1466464599984735,0.14516126779599714,0.1406663291573362,0.13332017532932638,0.13520767157456912,3058200
0.1136982232636158,0.11801992378046879,0.11936697784075961,0.10366693893216906,0.10972010457714368,3058800
0.07354310223496197,0.07436404022157597,0.07090418970797885,0.06618301464636561,0.06728811397833029,3059500
0.122901111990219,0.12215730742877073,0.11798289156399068,0.11516503604100524,0.11407648071874041,3060200
0.07850860915742912,0.08210568728345341,0.08671182698145209,0.07779306809060947,0.07996182051278782,4000700
0.12066163460753944,0.122826837642339,0.12616964552775645,0.13053178127232087,0.12831463799527257,4001100
0.07691763382065492,0.08072393666499626,0.08587429859278663,0.07915366785442574,0.080100066779188,4001500
0.14424426761332723,0.14864505996006244,0.14926011350931076,0.14619133788753327,0.14535933108899785,4003000
0.051664632742655044,0.053877590624137724,0.053065682640615085,0.05018444516490841,0.05067769978454662,4003100
0.09260811380954478,0.09798313239145537,0.10093629819020097,0.0972876327929699,0.09846724109211628,4003200
0.13728904758927316,0.1404955844786029,0.1412157475239271,0.14243547850000107,0.13852184280807908,4003800
0.12946825395603717,0.13409487928404581,0.13511387957105567,0.1338995794870476,0.13199621715974705,4004200
0.14157653581983118,0.14426630436868693,0.14604619670720398,0.13816044795782342,0.1360248107207936,4006900
0.14370931661704905,0.14877624090911395,0.15617549980424977,0.14836066690332964,0.14748836446752642,4007900
0.19360813316048636,0.1942943688807553,0.19198153445150928,0.192968175590796,0.1846916112269159,4013500
0.28548565605307546,0.29387572642505766,0.2951751141602862,0.26477346879834135,0.2717130521281617,4014100
0.12997528940337819,0.13765677809726184,0.14544120277404696,0.12606499675575117,0.1272074782592706,4014200
0.11439241795863232,0.11871482172138632,0.11437312499000142,0.11091666975825253,0.10647718823177445,4015900
0.48434355283863884,0.5224894492565348,0.5298570589863701,0.504911595420861,0.526724009316435,5001300
0.9745936109893893,0.9756093500734266,0.9731741630574049,0.9737918128271622,0.973533082109509,7004400
0.9031266781377176,0.8980048477784036,0.8857637053807873,0.9052574068116689,0.8936106200771815,7005400
0.9360356281687323,0.9206849062818802,0.9309523225268528,0.9338378869692868,0.9173195452030941,7007900
0.13252935923672168,0.13656216303491342,0.13154040376000917,0.12948249067368173,0.12778645330301705,9000800
0.15174606604850935,0.15360748265490848,0.14557005017050392,0.14020163095330104,0.14137003737728973,9003400
0.18285697632177503,0.1843721473581963,0.17664149097241008,0.17700495577649505,0.17354720725241646,9003500
0.9841237236483951,0.9851144594977731,0.9859000046372562,0.9845889134814946,0.9858867673476145,10000200
0.9812563798894465,0.9821256823470841,0.9810985205021087,0.9821640231027688,0.9825662002923179,10000500
0.9880158299631988,0.9881146402187847,0.9896069332094182,0.9874831279931156,0.9888611923013464,10000600
0.9757456216511321,0.976777641904431,0.98067152322441,0.9759609478878283,0.978681108868079,10000700
0.9144377467217495,0.9127917657352321,0.9171926616067638,0.9217627558314079,0.9100389298018147,10000900
0.9552113682996771,0.9576665107083673,0.9606052172823984,0.9600695165536784,0.960863476781746,10001200
0.9888490370403502,0.9891182671275005,0.9912415620324094,0.988399730631261,0.9895879351951467,10001300
0.9516671043112148,0.9497417504219939,0.9541272301475197,0.9511803728568713,0.9514965484633241,10001500
0.9298736024344222,0.9271305676719123,0.9356314499901378,0.9311318864553925,0.9333865911507983,10001800
0.9203079857993894,0.9193110303822485,0.9198863022316762,0.9239984521699703,0.9231726402844296,10001900
0.9615924082253203,0.9618825825798091,0.9684866483677503,0.9574524984713622,0.9695260270601528,10002900
0.7234894596047531,0.7042093636937424,0.7077740365220381,0.7454803459452336,0.7130309975872033,10004100
0.7548320185532139,0.7454620649846048,0.766954764150276,0.7522321276133747,0.7540559564187009,10004200
0.5611482701871896,0.5349916248439811,0.5535375308229656,0.5910477153058944,0.575287227782884,10004300
0.7659730484415015,0.7615165766500391,0.7728327125860126,0.7760376496443875,0.7829473879777565,10004400
0.8577083194128864,0.8524076342231087,0.8616653728953917,0.8694518639722352,0.871093877710248,10004401
0.9396052773172942,0.9476100967711603,0.9512159575001662,0.9422479084976653,0.9517840937011428,10004402
0.9338478530572285,0.9300620721907233,0.9325654875378179,0.9308132015700398,0.9389029390388908,10004500
0.9649773442986,0.9609545446748525,0.9630742191338997,0.9609018820029386,0.9685131148985324,10004700
0.8073021325336963,0.7890229027904171,0.8063236086300883,0.7958805005844399,0.8155699405911695,10004800
0.792212059468477,0.7888516563285795,0.7797226831642957,0.8028920387423999,0.7960141460262908,10005200
0.8238275558856324,0.8130886214672819,0.8219630471537084,0.8358750664424939,0.8316617749025258,10005300
0.8815411916718503,0.8768866621665126,0.8875254734579605,0.8918283244584996,0.8935337344477859,10005600
0.951855998884646,0.9433479825724707,0.9495974057433227,0.9513752702566466,0.9550792187583608,10005900
0.968358516393111,0.9667437223108992,0.9711449838333773,0.9665525435758141,0.9718482744846328,10008400
0.9705340564308874,0.9705726824152624,0.9733560494901343,0.9658832658280886,0.9743349671709738,10008800
0.7848258920672545,0.7722584673823712,0.7983052619629747,0.8123269020480683,0.8107372435222218,10009500
0.9745787521997615,0.9752366693873753,0.9791728124835902,0.9733229428491899,0.9790027456924564,10012100
0.9857446896374839,0.9872746783071379,0.9893160491756587,0.9855980278213459,0.9887007863674862,10021700
0.9948664010640619,0.9948228629306766,0.9948834790465741,0.9936956815031042,0.994867753868166,10021800
0.24727944034494065,0.26070068193988744,0.28143430094306193,0.2603996616368542,0.2935522813395469,11004300
0.2963955047906623,0.30318576698349214,0.3240356822791993,0.31172041591836896,0.3499180895406447,11005900
0.11244424270859565,0.11419499338255318,0.11801812646364106,0.11787448802576293,0.12034093135771756,11014700
0.3063068319601016,0.30414470902074375,0.31116855505133034,0.3081673309541341,0.3164217011316119,11017400
0.044960261973840426,0.04654495389879542,0.04500160199394919,0.04360818461612749,0.04549429406719586,11019000
0.12645027195283237,0.12930511384402105,0.13458792458853458,0.12793553503618146,0.13441738671441344,11020300
0.33945101227199165,0.35280085134332034,0.3745153744332281,0.33832236628257534,0.37638294164577035,11021800
0.3383272377886972,0.3517557327427284,0.37366814898677264,0.3383126212424971,0.3758468733151773,11022000
0.23428141401960031,0.24866913456323228,0.2666201973566013,0.23653210141327463,0.26777376841766287,11022100
0.23953362159511613,0.2527197646646484,0.26763268350383446,0.2264966834095836,0.2635513982206499,11022200
0.21501000370043838,0.21117088917208715,0.2219306094195127,0.21805702209762776,0.2192867715295148,11024200
0.2625108385698514,0.25188076563683065,0.2526186166516217,0.25405575377837825,0.25340425770810776,11041300
0.15101472319449638,0.1543002102270358,0.15157245165705616,0.15647499079293956,0.148540133111801,11041500
0.17120531219052734,0.17955158602091595,0.17039054939848194,0.17499003328371107,0.17277363644028432,11050400
0.6438550931648591,0.6747123260701032,0.6816175972235416,0.6830251186317288,0.6846995067907014,13001200
0.5752185759998462,0.5957789465016159,0.5978769291869633,0.6216267181171627,0.5972582892123818,13002700
0.8640410993665691,0.8748772840288711,0.8794400724437184,0.8848793100093573,0.8835477191923985,13002800
0.8450625585452721,0.8615846347205819,0.8544803522533156,0.8665444014904766,0.8530708839262486,13003500
0.8080231851815134,0.8380816577946303,0.8454994456821248,0.8524235537671108,0.837392319594384,13004100
0.6024049243424008,0.6454702265393694,0.6437523055186319,0.6605299555687759,0.6471452876215378,13005300
0.6003847273301419,0.6404513736742294,0.6359148433229065,0.6669603414173644,0.6522091786856412,13005400
0.5300883530657232,0.5372309046631651,0.5438299237101603,0.5611228273433637,0.560388948080945,13006800
0.5608990552788228,0.5620814816898017,0.5684015572343415,0.6060219967141081,0.6133158572562792,13008300
0.10335381584899764,0.10250803057029007,0.1035497518734432,0.0951803961558896,0.09659790341652305,14000400
0.30471808050208743,0.3040270298465078,0.2978958649890543,0.2715856803913743,0.2769838245770049,15008100
0.03800319931160365,0.046294574082148765,0.04045828789329047,0.033386146782587174,0.03531486396235776,16002600
0.08129271262688936,0.09326231757804959,0.08366738790907922,0.07516240508637873,0.07561035348080972,16002700
0.03287221957775573,0.03857509136013254,0.03419509082181496,0.02970581397192578,0.031195108702164052,16002900
0.06155743975766992,0.07339212150315833,0.0653513070792499,0.05787436161717158,0.05711695677114271,16004100
0.07096733513690177,0.08358067476551811,0.07439136603774044,0.06478044162058876,0.06573083824905486,16007700
0.0489828510617199,0.0574360849002644,0.05142810678738011,0.04629227835764078,0.04686795918007111,16014100
0.07552389399064116,0.08273542352348741,0.07461041007053343,0.06844950702511798,0.07043388210869928,16014300
0.09776158783076913,0.1059383012198483,0.09709894411675356,0.0937585924100984,0.0911589382456154,16014700
0.07928494503115356,0.0908841692784459,0.08154846125296292,0.07322516658992606,0.07359543360080739,16035600
0.30682640312531334,0.30075788100231415,0.3022538267228583,0.31139869167235945,0.30743563821641107,18003400
0.24129134545799583,0.24925344352283302,0.2566256348871096,0.25513514605564397,0.2626745357805567,18003800
0.3762782887216648,0.37371785237619837,0.38506208779184914,0.39137173243288553,0.38764348684997657,18004100
0.2916286167318809,0.2932347539491071,0.3029439629748748,0.3070256688961884,0.3061465886983641,18004400
0.2985294089667075,0.3001254451667272,0.3087318720957501,0.3083828834354737,0.3112274605311552,18005000
0.7569392687770311,0.7574757572589936,0.7578599753690487,0.746756548454802,0.7763938112605611,18009000
0.2863953380730147,0.30450792688519535,0.3101278948678039,0.2798667578999707,0.31367793452185333,18009600
0.36456782570205787,0.3788671483797807,0.3975584173313753,0.3693858749360873,0.4070902071520674,18013900
0.31649193863010133,0.329050448749715,0.34974978182138783,0.33042774896479027,0.37159852771198015,18014000
0.5989906793061786,0.613295805721717,0.6207757591469308,0.5806460728850964,0.6199223522701456,18014500
0.17687307216835466,0.18773020679185218,0.2083596040336813,0.1741908859976278,0.2131842813291812,18018500
0.26181181061207454,0.2755927848294094,0.3000947457308231,0.24841793864323022,0.29867195557767307,18020300
0.32618451404920146,0.3148003032791787,0.3380537794046884,0.3348550466721535,0.3417968030534232,18021200
0.319053828158376,0.3291520865922591,0.3447624584226405,0.3312001853762,0.3717336406156121,18024200
0.28463027529832435,0.28711584753238895,0.29827686704059536,0.28841603123031867,0.3199488209739689,18024300
0.09419572259849891,0.09301178310194241,0.0907464559211343,0.09318822776721997,0.09336011901230695,18026100
0.1447596142786445,0.16416177145880495,0.16502213046587244,0.14949836013928722,0.16995006447948136,18026600
0.3341941631860662,0.35795981258219445,0.36150682577470555,0.34337189742215357,0.3716934847458203,18026900
0.20045664089501664,0.22246110599018898,0.22244637000392928,0.19928172684124645,0.2272640316421581,18027100
0.3954466216379474,0.39039127184357086,0.405652760683758,0.40231432425063535,0.4169108638551055,18030500
0.4020413568808878,0.3998330786161308,0.4044885278331073,0.41451900766611577,0.4183467872056234,18030800
0.1760568459589968,0.19739824569579814,0.1991256125134686,0.18379185340897747,0.205906496514062,18031000
0.29220751783919646,0.3161425368021063,0.31976277810344583,0.3035940667266588,0.3297534442369956,18031100
0.3522562780981414,0.3760563735839293,0.37867854031966697,0.356685143610986,0.38849769676431023,18031200
0.30419623761032405,0.3281150742936515,0.3317734520708076,0.3152015662839397,0.3418546572532228,18031500
0.5842578217474466,0.5719625491649613,0.5823948413295325,0.5794090409857411,0.5933166354276447,18032000
0.42981554841647224,0.44300383751732825,0.45930001896652467,0.44222883965667864,0.47581781858264477,18035200
0.21923135106679825,0.24223831344971236,0.24520704938191462,0.23092404450621895,0.2540071841016884,18035400
0.22342623660361646,0.24659051911307622,0.24900439127113058,0.23250891849682506,0.25738348706210307,18035500
0.2719774800656741,0.2957735556979748,0.299488479081602,0.2846482470813963,0.30934401497639663,18035600
0.3817543029507229,0.3844257941446838,0.39146476727360185,0.3970305583726938,0.4202444329438764,18036100
0.07777775613531712,0.09119887869225773,0.09146434194153549,0.08109806362390853,0.09377733677287162,18036600
0.2848821136103995,0.2817353861552037,0.28103214707834745,0.29202565675918585,0.2834030683916017,18037200
0.571728332333005,0.5754695650913049,0.5963100725930087,0.5648915933532859,0.6009700599120721,18037300
0.41407253368732383,0.4252993010839661,0.4555299170568475,0.41305085037861017,0.4445066013596347,18037400
0.685969249020608,0.7049820170480672,0.7252565494488648,0.6880646707894266,0.7271911992041113,18037500
0.3178767885987792,0.324201569911379,0.34238226928233456,0.33030786466413037,0.35375040718087175,18037700
0.27429011539316794,0.29795687818116445,0.3020082489947421,0.28822447113507993,0.31195055228851926,18037800
0.5885807447241668,0.5876105338952448,0.5936059212186973,0.5744121205644597,0.585446732101456,18037900
0.35524904088451265,0.37669526736971054,0.38616700278041743,0.3612047547254623,0.382535777449625,18038800
0.3554351302858987,0.36842556062978477,0.3904742822323461,0.3535077603141329,0.3923633988889081,18039800
0.46652909323706776,0.47533391827583027,0.4958203847829035,0.4460320727488424,0.4939444278296127,18039900
0.4466602630465662,0.4483289988008272,0.46753141733208603,0.45050512953511584,0.4788398046303141,18040300
0.3456046582169115,0.36663389466167484,0.38917526556246557,0.3411052899862225,0.39602343611944796,18041200
0.4398432548833628,0.4482490884107072,0.45724957056564225,0.4380256066033759,0.4848627284339793,18043900
0.19034771610753315,0.18957991849093703,0.182794453731338,0.18914710056046455,0.18599289845539185,18044000
0.1480895715473165,0.1444640634989531,0.14161902824614064,0.14226294710203513,0.13452533033653913,18044003
0.12548467708579056,0.1226521549127506,0.11776119641180817,0.12056434945280418,0.11247672759866384,18044004
0.12548467708579056,0.1226521549127506,0.11776119641180817,0.12056434945280418,0.11247672759866384,18044006
0.3293461483381716,0.3389522161501359,0.3552973457582856,0.3185765525322479,0.3587119716442148,18044100
0.918417607645576,0.9317731368347685,0.9375389441602865,0.9222664495173535,0.9262556837792146,19000300
0.9973829175264035,0.9982058253441908,0.9984467078607101,0.9976015774558993,0.9983852120072294,19000400
0.5256538835785719,0.5363380955271595,0.520322008410557,0.5628732398104254,0.4993614901563843,19000600
0.9928021685498513,0.9934173363015845,0.9942516070994207,0.9926998467145891,0.9936106681835865,19002100
0.9753018385148264,0.9774717988783969,0.9774575414914212,0.9764872196722734,0.9771202216345739,19002500
0.9771577171430889,0.9752656919073098,0.9782268963486649,0.9787587714520022,0.979146104806219,19002600
0.9104873946458936,0.907280700456166,0.9071881195543502,0.9155153957975157,0.9087948585260173,19002700
0.8470724234303144,0.8398332914248959,0.8450735346928491,0.8613114492947883,0.8509860142508657,19003100
0.9902319159141212,0.9912276370331308,0.9908632668881471,0.9899965363854891,0.9913698437554593,19005700
0.9840071071420173,0.9854927383380948,0.9868992606719951,0.98494432005561094,0.987482823222368,19005900
0.9668164678134806,0.9713216281016248,0.9730275268066184,0.9716828189734013,0.9731718317585097,19006500
0.9902823060146061,0.991427931639266,0.9925508553048679,0.9914702815911092,0.9918730413167922,19006700
0.9068557407103905,0.9154099763032589,0.9146284128181015,0.9324250455302484,0.9203575241451207,19007200
0.9533856998326059,0.9617916960464737,0.9626869232046309,0.9621913016666854,0.9618206383865161,19007500
0.9725227011310482,0.9749446752773624,0.9769779313935018,0.9744182822225239,0.9761664127190449,19007600
0.9788214955443845,0.979840575929449,0.9790354487624846,0.9809382682689077,0.9803762106420658,19044600
0.4001558725177774,0.39005233326654865,0.3747827425763916,0.3930855293489661,0.38204869450147094,21004900
0.369839867457154,0.35153498255178456,0.3413377412740206,0.35980449256934616,0.3477198577436066,21005200
0.5537675867389659,0.536646769749475,0.5423116569005505,0.5511655131601616,0.5449512876418848,21005400
0.30414066777845616,0.31179396132155096,0.2950518050774317,0.27993148884738117,0.2868525754298945,21005500
0.3719819172385115,0.352171896114237,0.34427084334516583,0.36124013160197604,0.349076081494598,21005600
0.319186258277862,0.3279614145619119,0.31266461613284613,0.3427384684775219,0.30559469340710393,21005700
0.23292791967169724,0.23197197322085972,0.220832992756194,0.22958012269648698,0.21693453017594605,21007600
0.36227265252668467,0.33748748704110915,0.32799721972069035,0.35208836591972587,0.33448732358165995,21007900
0.4004380047400121,0.3775185101469509,0.3684636654504744,0.39045948322376905,0.37143362136339003,21008000
0.21317816424226663,0.21176388402167673,0.19769961945537604,0.22106511071190002,0.20408836125323856,21008300
0.196065358519603,0.19773517807259677,0.19538213792784948,0.19857856238679988,0.1930356709463359,21008500
0.1341743414515534,0.1195247006536458,0.10785120425451264,0.1154347294561526,0.10367442255592048,21009000
0.20399580533537595,0.19555671819723375,0.19055578902224107,0.19716655557804455,0.1853127732210705,21009200
0.15938403363115003,0.15289215864833236,0.1470017030412374,0.1547438986426315,0.146979299083816,21009300
0.3897464418872792,0.3792905608223044,0.36527015191460727,0.36628031874624123,0.3636692271724288,21009400
0.31544247406135545,0.3101870703925634,0.302787507108764,0.30902745331665954,0.304830637030653,21009500
0.12592731539001858,0.11915780300035643,0.11117706927275896,0.12186236342045394,0.11202833292973145,21010100
0.2963226189229121,0.2798341238631222,0.2649568142932131,0.28198922333788773,0.2721035233327445,21010200
0.5355196852369325,0.5147931438142784,0.5047755364072282,0.5265341267801174,0.512358108166435,21010300
0.14027164872420891,0.13227209441760102,0.12330203415961924,0.13409963486911256,0.1240027387827994,21010500
0.4757530271709569,0.4892877287866332,0.4847071410798277,0.4879187912880487,0.4634983000956651,21010600
0.2390207299417132,0.23214855680665716,0.2245759908788572,0.24730218421358882,0.23244327435580509,21010800
0.11621900100550957,0.10971299990900238,0.09912088867070488,0.10937753536966432,0.10108798681937581,21012000
0.28777475667865626,0.28481526218243314,0.2671696716659407,0.29377649049919613,0.2809994685652773,21012300
0.1860106806347107,0.18950344529574503,0.1857412632143923,0.18228975556396182,0.17657344061185998,21013600
0.3126316460198774,0.2986174638898101,0.29963724042482864,0.28981759110082767,0.29703546808991066,21014000
0.3293259076323919,0.3431278723269228,0.32577472476515357,0.3309260631512902,0.3516008790227491,21014400
0.31866747015745966,0.31723172163012375,0.313635305493396,0.3202637633510336,0.3259510406503004,21014500
0.40502455436092616,0.40953768334841434,0.3860866265922265,0.39106914241349594,0.39702179098393836,21015000
0.1475977528109129,0.13741248013808002,0.1249595710393997,0.1381494802083119,0.1277045188725907,21018000
0.2939590785024863,0.30634168947395995,0.28182835087878466,0.2755824300640124,0.2800828048279934,21019700
0.05880337551230674,0.05607383928472291,0.050024042036583796,0.053396544604255,0.05003717056948181,21020400
0.21060368341445718,0.2132434070738501,0.20108192085088553,0.20452677709297823,0.2010322464101698,21021200
0.19828702570703646,0.1965140225168325,0.18534539148743528,0.1808500017745085,0.17779063568146822,21021300
0.28691401262553395,0.28862632096674906,0.2693824460760176,0.27191072191022275,0.26927226230107093,21021600
0.23626325070957022,0.24167343989575127,0.2210192529677478,0.21251416943261087,0.21783611140444736,21025700
0.20902595929930026,0.2049232951777187,0.18307011956540634,0.19118195194738433,0.18270565436788758,21026400
0.9695035719109085,0.9688875696368646,0.972633973042021,0.9703781595233537,0.974912929704192,22007400
0.2740063556513634,0.275294972400816,0.2487943719799618,0.24785949771169768,0.24908651752484587,26004000
0.3616970261913532,0.3449351605789264,0.326121048540806,0.288960542291532,0.3034052052774979,26009500
0.18081971538326844,0.1809092982960324,0.15479611530074272,0.14581776949815703,0.1480760560821492,26009700
0.8368552825656491,0.8410590808832161,0.8333113922224605,0.8558333598204305,0.8371024524821989,27000100
0.9944814438334117,0.9960981601419436,0.9959845573053946,0.9949348900465456,0.9956423871065773,27001400
0.9931481350743163,0.9942058333753983,0.9937652456078564,0.9937552840135202,0.9937165475841006,27001600
0.9859780286393787,0.9879538547344278,0.9876322028277984,0.985534240661096,0.9877533872964215,27001800
0.9947343772028334,0.9961382091292402,0.9958143642234947,0.9944686714293193,0.9956994547029284,27001900
0.9987817727299192,0.9989542457472225,0.9991820763305183,0.9987266829406021,0.999008818654713,27002900
0.988807224194602,0.9890027462140052,0.9900339602525905,0.9897409914442835,0.9892322615036566,27003100
0.9769904128760507,0.9766841618391979,0.9785094430916949,0.9765790018305753,0.9768147315783962,27003700
0.993882330478109,0.994139167327162,0.9946356988368175,0.9941471920492725,0.9942161742506288,27003900
0.9945302180027055,0.9955545197767506,0.9955928899698685,0.9948718658357567,0.9958616990448935,27004000
0.9931019136686151,0.9948581551713063,0.9952395607989188,0.9944975107090541,0.9952481445698602,27004200
0.9643531221530003,0.9652300566071547,0.9702476124438646,0.968738559899315,0.9685493103339392,27004700
0.9507050817104961,0.9519055333526797,0.9549087026721393,0.95460314666218,0.9543793646586188,27006700
0.9928911509203419,0.9929672625040715,0.9938882655570599,0.9923409344137536,0.9933668255540934,27007000
0.9973074690376565,0.9973231269612731,0.9975678000320953,0.9973864221820337,0.9975971451712069,27007100
0.9904709565731431,0.9922199941019054,0.9933591428584027,0.9896013988855032,0.9919646098371107,27007800
0.9859246302659044,0.9869136958989178,0.9888964978061864,0.9875678108858315,0.9875819320418117,27008500
0.9854272423409347,0.9866874100072642,0.98812168780125,0.9853200651158781,0.9869121415720764,27009800
0.9896208490938995,0.9903475409754587,0.9903311237127327,0.9895610285132967,0.9903224001532387,27010200
0.9789672539735249,0.9810338751414812,0.9832536767376923,0.9793609328467964,0.9814871081222506,27010400
0.966582974343714,0.9653361895458504,0.96714517444223,0.9674135873914776,0.9658040967053406,27010700
0.9648229752949321,0.9694045023700051,0.9716730349923315,0.9685193180387487,0.970483421962682,27011101
0.9097131370662386,0.9247401720991696,0.9312872546314498,0.9216590864363154,0.9259390090200937,27011102
0.9441893865143794,0.9437248567988674,0.9446647083277256,0.9486302172803929,0.9439931037060442,27011700
0.9747646928628402,0.9767879501835943,0.9793475815744256,0.9756676430886178,0.9784495483014961,27011800
0.993012797384478,0.9938320836050678,0.9951158380340619,0.9937918408496275,0.9945775692103618,27013300
0.9579994126371933,0.958999826611012,0.9614353587764849,0.9598868602605845,0.9594982042762458,27013301
0.9573306777886703,0.9583745618550144,0.960883921011929,0.9594581586834522,0.958961807803227,27013303
0.9786973189791122,0.9786318866984686,0.9798657779657067,0.9788631363203807,0.9787651055052498,27013304
0.9504557115448187,0.9513534085411425,0.9532554658735062,0.9573057238780293,0.9515651105630173,27013700
0.9727991661169458,0.975673430223549,0.97857452832163,0.9737245489747288,0.9782287758892275,27014100
0.9972509600939119,0.9974899126547208,0.9980449689813513,0.9973036812641232,0.9977569184754295,27014400
0.9738307774639977,0.9745785802198763,0.9784773447899178,0.975618356819201,0.9778953970575044,27016000
0.8084022946658255,0.8018055273226001,0.8263255194849515,0.8155215985903885,0.8251520763940329,27017600
0.8685033140310061,0.8631820005334212,0.8696929837054617,0.8755054013850253,0.8813403514754466,27017900
0.9214098340041734,0.9118947226570389,0.9211726320998642,0.9162309500631102,0.9268458550736198,27018100
0.9822484599853485,0.9823539384760951,0.9833802857952708,0.9814507872604646,0.9854322684941949,27018200
0.9129217807040634,0.9106460835132734,0.9258258347968619,0.9104139619272431,0.9260822626335817,27018400
0.977338889887842,0.9751799548214984,0.983075547907144,0.9780245301920519,0.9829187220842907,27018600
0.78888762057135,0.7825246144782723,0.7958732227086448,0.790521511744312,0.8009906722991266,27019100
0.8551482046858451,0.8487971582029508,0.859890256108752,0.8602641578645913,0.8658579893214714,27019101
0.8351507273663292,0.8287010075506037,0.8405918756826131,0.8394003217090988,0.8464322569826702,27019102
0.9049151685400803,0.9035570796849582,0.9151609120292801,0.9119181673011407,0.921185782200148,27019200
0.9782862368304512,0.9779283533101766,0.9807311713350718,0.977036715615298,0.9786411444916405,27104501
0.19516757456108177,0.19730079802434095,0.19638831686938285,0.1900886713234118,0.18677480099909127,29004800
0.18266491246085437,0.184185642162303,0.18025997378249312,0.17895631937771686,0.1750478535526438,29006100
0.113780968628879,0.11849012296711801,0.12366423810239044,0.10523235254530379,0.11068535610853468,29007700
0.12673774414178884,0.13199953481506022,0.13924545243579778,0.12416804944631199,0.12737061211735698,29007800
0.13436370877380474,0.13953326549203518,0.14695381142197048,0.1306262449205098,0.13431552416467957,29008500
0.05204311561002574,0.05480787686712454,0.05730273273474847,0.051542134039108164,0.05515257700042845,29008600
0.2680769580705566,0.279540969267257,0.29705644385072527,0.26021843691639124,0.27372069528930226,29014200
0.14449908684314425,0.14736557618706714,0.14255112173856715,0.14493916322939576,0.13800230795184165,29014800
0.06465053453920439,0.0645644568399245,0.06320229467776027,0.060598187399793474,0.06191294054568976,29015700
0.18660689893673854,0.19437489210799522,0.2002336387296714,0.18596206551687045,0.18898285256226408,29016100
0.1688815683833702,0.1682619723923697,0.1746628539592262,0.17197699186295778,0.16760505689004593,29020800
0.17415487574451177,0.17479318391690277,0.17867355559141937,0.16644098949601108,0.1668425315124672,29021600
0.4037498377630507,0.43345318253636167,0.44640969921679946,0.43534998106804906,0.44182751606964743,30002200
0.30407967308422296,0.30042052170358813,0.2974845968290928,0.30682376508684206,0.2963362714547947,30004300
0.8742255031226267,0.8949497325879797,0.8869971445763709,0.8881973097596965,0.8996306648529698,30007200
0.6557288022997976,0.7096571312468168,0.7108017875755686,0.697849893589767,0.7020256017197202,30011400
0.7357510355719938,0.7468610954659534,0.7454490969330585,0.7541651423873847,0.7641049618568735,30013500
0.5627148686042698,0.589411451083973,0.5933752114475987,0.5786622694523782,0.606726681609328,30013600
0.08297013782368337,0.08479470183609956,0.08231169893050812,0.08204618855507999,0.08214881721264652,31002000
0.16338880574268075,0.15860636511969156,0.164454599266993,0.1643173361031007,0.16637345053355412,31019000
0.1552819740696824,0.15103289944445897,0.15646741035933198,0.1556259826042583,0.15818193928937965,31019100
0.2102749635304037,0.2043345623343667,0.2008638900105368,0.21088166655406118,0.20516447750795572,31021600
0.14389728663445736,0.14339549435683677,0.14820195396945482,0.14839920228275102,0.15106262682456692,31022700
0.22460060144944388,0.22073408649399495,0.23207360982897973,0.21481380789737076,0.23285053831711242,31037000
0.6070649127466792,0.5915984362432627,0.6012599892443982,0.58255526588961,0.6019445158213593,31037200
0.306017259879873,0.2973889837131302,0.30577014246601464,0.30842453573311895,0.3063307293146393,31037300
0.07643823138658844,0.07881187961292607,0.0751375939882916,0.07642084538480536,0.07432950888022545,31052400
0.2057581908588737,0.2090474726525826,0.19974671846094438,0.21034080610526426,0.19881575846637892,31053200
0.3556177513328026,0.3464400279604154,0.36403524989789376,0.33575361308169854,0.35936148671723267,31053300
0.07590562449807169,0.07561573583818754,0.07968100764989966,0.07788232663156332,0.07810444656740233,31053800
0.013344064739417573,0.01435945034071394,0.013548280241277662,0.01227325030087988,0.012913571759651713,31056100
0.1425697552905465,0.14184824493254106,0.14077963621610368,0.14101105021222868,0.13933198437534783,31065300
0.07209665092946128,0.07356959333147807,0.07553322114840463,0.07162285306131459,0.07402375536293238,31081300
0.019954618739701908,0.021052417227080844,0.02141083153755301,0.020198522694836837,0.02152750162802625,31081700
0.11219440064883782,0.1168081133832692,0.11331667981020933,0.1126318742084602,0.11062866488550419,31082400
0.12232216101250758,0.126913313080386,0.12338690051498681,0.12352817031065581,0.12079773296389079,31082600
0.06320533117000801,0.06318376065749066,0.06620603406209846,0.06287294812142516,0.06516880397153825,31083400
0.07457135829175852,0.07512834735546105,0.07980644914053467,0.07857327813988241,0.07973760470804685,31085000
0.07947472548831927,0.07789552037588304,0.0809702837870106,0.07274704589198444,0.07779563908035919,31085300
0.01781486013952911,0.018775698425747597,0.018214905910718004,0.016471475008933176,0.01758304445249466,31087600
0.09381235063136178,0.09250779621087935,0.0926154343090279,0.08810197524204154,0.09111328025457807,31088200
0.02861426382901512,0.031068423912809614,0.03231307999354255,0.028850666193200526,0.03201333360625226,31092500
0.5688395111455259,0.5528033708598004,0.4845719860638424,0.5425168087155491,0.5150505452429244,32002000
0.9246936216491144,0.9224319844060975,0.9096428419230969,0.9200181264931085,0.922828038502847,32002200
0.6961989793783119,0.6769167573264813,0.6286119591688036,0.6918903472835676,0.6892374252166436,32002400
0.15452507701340876,0.13562699346326876,0.10909358972622908,0.14748885868401806,0.12237421330604477,32003300
0.8362640276878684,0.8347987465762878,0.800951277445236,0.8173737995697076,0.8351865330898367,32006900
0.22937186423197853,0.23951731273591256,0.23665924652592638,0.21408352064022212,0.23318973598411652,33002800
0.7679749334655803,0.7350060086710626,0.7500333979299929,0.746059900023859,0.7386523262695923,34004400
0.3667707240883015,0.3117004102538201,0.30994520998343217,0.3525981000742838,0.31215951181666696,34006200
0.8666413400622192,0.8387646280447838,0.828730551399831,0.8400710268072511,0.8398206728970714,34007900
0.884786790488231,0.868354707062388,0.8535530568236683,0.8738264823535762,0.8656522447284314,34011600
0.7011171911004934,0.6668906787365825,0.6429718709279639,0.6919525417575186,0.6465637842408223,34011900
0.8869155354636062,0.8644624371568962,0.8563902261044378,0.870923002130101,0.8647352412521174,34014200
0.6785433746774865,0.6398552268121446,0.6163830124794197,0.6442469677576494,0.6206738855847096,34015400
0.8945526887861083,0.8845882320793761,0.8785879019180867,0.8787362845183962,0.8781491775389032,34017100
0.8798899586267617,0.8556425153248548,0.8439780799580591,0.8613427017200669,0.8608564110021261,34020600
0.7344185913473037,0.6981963680410253,0.6843620618303695,0.7044812130682682,0.7077659246612839,34021700
0.5120151504507513,0.49557491012582877,0.46649047114442027,0.48010510247175653,0.46154540935886335,34022400
0.2922985821814332,0.2713825189857053,0.24695931773252394,0.2766161681500936,0.24155287608588494,34025100
0.6079507611425544,0.5955496210224819,0.5959335922891671,0.5103286947120603,0.5103482762856838,37004600
0.04581133860159163,0.04858664695789488,0.04550615024858336,0.046773221044387386,0.045655367103483904,38064500
0.01919557223200175,0.021269614263406178,0.01941607891569724,0.01839517291581508,0.018889774334111147,38078400
0.04726877453652631,0.04926896743690496,0.04561393371687367,0.0436890463677762,0.04573262412335242,38081100
0.038792372173521106,0.041034711349880654,0.03769821111375567,0.03837648959854439,0.038446795592154484,38081700
0.9288868337999577,0.9345581512189816,0.9331441459756276,0.9371553273540678,0.9303360888284958,40000100
0.9620063090537021,0.960288093373437,0.9600994303469881,0.9650151861792845,0.960288499753543,40000200
0.9456612636080375,0.9459609339162874,0.94337311760928,0.9501917119119017,0.9418399337669631,40003100
0.9826178296886786,0.982782784266716,0.9825215770304179,0.9815489138305622,0.9838144030333762,40005600
0.9459720725399464,0.9438472943760773,0.9409499646968513,0.949814727972575,0.9431531399181269,40005700
0.9610680006322573,0.9645467579302136,0.962804304599171,0.9642920129140954,0.9638081751541069,40006300
0.6636399827811607,0.6223112071635506,0.5975784710958107,0.6782298300232328,0.609343358007689,40009201
0.973239754380693,0.9757035059284053,0.9740943688101191,0.9733641416443006,0.9756411770632772,40009202
0.5852689419095463,0.5337052575428601,0.5645247919754136,0.5960947152744415,0.5602407647268068,43011500
0.11272216664505039,0.11506795745169547,0.11310387102753619,0.10693163040999037,0.10607647870138448,44001400
0.17513157913095337,0.17555282551557833,0.1772764047195093,0.16541231181556046,0.16406173509721808,44008000
0.8723068160121972,0.8395207431814258,0.8746522226056656,0.8574639353555156,0.8677932542206477,47001600
0.8173024121215454,0.7908051855081568,0.803637295531681,0.8081089087221041,0.8096768172737084,47004600
0.7714663489689372,0.74225123993562,0.7566057070613961,0.7680040365739158,0.7618858842481072,47005000
0.7448326912727427,0.71120562187273,0.736947770994107,0.7433885155102486,0.7276948558689867,47006400
0.7137342427003684,0.6771932013831535,0.6908153916495402,0.7050223834293377,0.6959356336189332,47006800
0.8005705850834441,0.775163069850541,0.8002750075905927,0.7794048475176499,0.7721268328959391,47009500
0.5198416524607361,0.48487333792319903,0.4898989835259356,0.5241118451113717,0.4923610615557748,47009600
0.9227181161047272,0.9047384488956125,0.913996756126782,0.918942943649696,0.9173975404027396,47011900
0.4340413109691597,0.4348631022208593,0.42635360358871216,0.4140086980174834,0.4521488200601632,48000200
0.1697397110451185,0.17855451164152403,0.1745610165120015,0.15831742904325646,0.1769232571638275,48000900
0.11321055449556326,0.11818849641674198,0.1166931385992583,0.1115607189342433,0.11637198530464367,48001200
0.03806841021031468,0.03887463427282296,0.03688179364873277,0.037473301236382116,0.038801202100312286,48001400
0.42192263334070745,0.4054822005690468,0.41167662621068274,0.4314893128225954,0.42130820866250024,49007900
0.3528560969368737,0.34945835887456955,0.36750467744859794,0.3732952327531115,0.36369693422974964,49012700
0.4034077290544773,0.39551599329815745,0.4116698799694835,0.37728002735296584,0.3836152563592412,49013300
0.4929790836287074,0.4826733478772917,0.4964235209167052,0.4870249369790872,0.5039335529571117,49013700
0.38581070960701763,0.37122668045688195,0.3694761226004988,0.40027891203360955,0.382806469790555,49014000
0.8131296025788709,0.8220927361472595,0.7613357691029061,0.794345929940972,0.803484617725764,51006300
0.3943175804776422,0.3684527436817214,0.3208553785817655,0.38381952305447237,0.3662654086027026,53000700
0.8081663416640559,0.8315283897596901,0.8365684855952187,0.8390233278013263,0.8231825929151361,55000400
0.33008735448594634,0.31805983090160206,0.30271278503701965,0.2941653708851159,0.29296304039923116,56003100
0.2320670695873515,0.2358218510507471,0.22720331574743605,0.23251824775410962,0.2249107257373752,56013800
0.10652325031337626,0.10892595466347436,0.10549352401317383,0.09603138933723175,0.09579001057726456,56014100
0.27227918301973,0.2846998454659699,0.2937921194544415,0.24386950748136993,0.2564759915249033,56021400
0.2783296315394161,0.27770523107562345,0.2649734626439063,0.2715255627487898,0.25972082205747227,56023900
0.16401654748024835,0.16264312738502326,0.15317360639872316,0.1619942340243574,0.15004077165950097,56024000
0.2035784968625053,0.20468736762519446,0.1941038751373828,0.20757924728248806,0.1894761619997621,56024100
0.2926610576925292,0.2995335686727545,0.279698571396759,0.28450448169007886,0.28006776337125106,56024200
0.4868053553249708,0.48589807697805204,0.4586249149005056,0.48111162279389136,0.4742326867666805,56025300
0.20206388019736884,0.2026499052171285,0.1861981157183199,0.19319946090105133,0.18350759028474997,56029800
0.3223226551630555,0.3327834543631791,0.3213084701470733,0.3181911035237305,0.3130288785183604,56030300
0.14718952302331864,0.149663621176083,0.14139485345591168,0.13423391143401334,0.13414524250159346,56031000
0.2422483260276752,0.23950001066689883,0.24102637218878617,0.2486925179794972,0.22932959389084942,56032800
0.24515559860940045,0.2437303251043132,0.2432120413584499,0.2520760404030909,0.22750523500178813,56033500
0.1958521505964326,0.21185110585304243,0.22083412404503575,0.19828644636737036,0.19742678055168392,56036000
0.16017755515009383,0.1620202278909809,0.1474911168126247,0.15026804141984768,0.1442484412516189,56037800
0.1154913333992618,0.1159951754797625,0.11364150486914068,0.10782917648316388,0.10637023286841825,56038300
0.20798529076398578,0.21618315699540988,0.22089445477146347,0.21163726255451404,0.2001568523555998,56038500
0.25135951662443706,0.25240341155517043,0.2546584024147093,0.2552815093824918,0.24076205842235235,56038601
0.2698344266928031,0.2708835280314746,0.27233649766608614,0.27231425792292724,0.25457797743315225,56038602
0.22454656368018983,0.22671925043671592,0.22764459415179275,0.22471136571112166,0.2150150726688523,56038603
0.2481784106464749,0.2487059186565399,0.24417595551991106,0.2490543303969359,0.2300965810023414,56038700
0.25134641517193207,0.24939311547797044,0.23707738075407114,0.24563633684105904,0.23748643061366362,56043700
0.19751902313806702,0.1993651307865984,0.17815234017682194,0.18044972285731267,0.1755829927188276,56048100
0.2688388019945043,0.27285777365205466,0.2709531012971735,0.2590390994732812,0.25854148673107946,56050100
0.25906217336486004,0.2643748079933981,0.26357298518353567,0.25930691462140093,0.24745758915097765,56051700
0.14953310999331731,0.15329385567569206,0.15768336284960113,0.12870924853089566,0.13450706079775734,56052200
0.30720147881914983,0.3373525263876199,0.3399324433843589,0.3100731771898187,0.30769596317222714,56052300
0.18984606032393173,0.18845561801902158,0.16315321847644515,0.15672195651516085,0.15959900981611033,56060400
0.2839674098499353,0.28543787197239323,0.26272593586651277,0.2526665091938984,0.25620026080283065,56061300
0.33265735256838336,0.3585120758237624,0.337942871440125,0.3239549115498067,0.3303471939215817,56071100
0.16531779340072913,0.1632208816989934,0.1524047566374206,0.15045903810652794,0.1492892916486354,56074900
0.17713221885653271,0.18106978094043436,0.17389423525441944,0.1631433303466507,0.16661654518516403,56075900
0.19829402836592502,0.20264969206936095,0.19726840158808662,0.17578909331611342,0.18351396950063223,56076100
0.30921618549438773,0.31143201324604275,0.30328008333807616,0.295973970174253,0.2947162284126354,56076800
0.26809465980005803,0.27201385703946995,0.26355330379848035,0.2533604328749479,0.25531367067238503,56077000
0.5466871707623243,0.5431946417518303,0.5183764303637738,0.5087767013306094,0.5211668670799523,56078100
0.3184890671329976,0.32254314183208704,0.2995027375895163,0.2692787189549278,0.27883388565925105,56078200
0.3993874808673764,0.41978633216153294,0.40118488196830054,0.36625614867033485,0.3815263517944996,56078300
0.24045985392896788,0.2502375390384425,0.23739149707425006,0.23131751952453317,0.2289263859166686,56078400
0.31425309211274055,0.32021276155553163,0.3161475165730234,0.29262523755865794,0.2989751551389631,56078600
0.21087489081220415,0.23755151787206627,0.21347865428471696,0.1799629203096574,0.19461616604686247,56082400
0.3049195433097003,0.32072281324558194,0.31152622749532144,0.30030511522174574,0.29794004673718066,56087700
0.1519529689475266,0.15187943525684408,0.14348696163740657,0.13772415319743173,0.13750071301608308,56091500
0.3580230785627286,0.36592274611199876,0.3339413140256538,0.3041304969484318,0.32801409319428404,56094500
0.24282662577355815,0.24663011047417419,0.24616598985395907,0.24613605740470298,0.23445095681346637,56163600
0.23232097988099193,0.2423933845193524,0.24602409079910775,0.21300517105428937,0.22195110764188408,56164100
0.21936929986882409,0.22020244023412902,0.2110934900150843,0.22105116224118254,0.2101674252508839,58006700
0.24807501060081677,0.2464198054752643,0.23622014145677359,0.23055074290883584,0.2289328152392802,58008100
0.411602035252865,0.4454811076161419,0.4459807122088385,0.4091106256618388,0.44641413587638024,58011900
0.2232572885677674,0.2490571776671776,0.24455544471130833,0.24267041574385503,0.25157945294874523,58014200
0.1425759218565833,0.15219294490149524,0.15170028359739496,0.13093558939027372,0.13678919030319628,60021700
0.47872188685708145,0.4465445856273076,0.41479168371672626,0.44656568576968797,0.43008355134850595,61004100
0.48183929127814173,0.45593561216975637,0.43609954370335774,0.47084765144310353,0.4455750018931678,61006400
0.5894841770048663,0.5965141873273829,0.5488939582811018,0.5499219346927707,0.5635479304560389,61007200
0.2542985382078,0.2344207510553976,0.22225696970935335,0.2407046284563349,0.22022681597468272,61007800
0.31313809803642684,0.29252527096164577,0.2645587101118025,0.2692022899253857,0.25666653020192887,61011100
0.5803949706562491,0.5399508715329285,0.5278177833697548,0.5396478108528125,0.531519635612417,61013000
0.4153141312219553,0.3979069817160785,0.3732945168985856,0.41601427452968903,0.3761600221520822,61014900
0.2398856640443998,0.21559674382532237,0.21741600111436404,0.20817203157351477,0.22572233432587194,61018000
0.9828903194724551,0.9829178109068546,0.9833696026081344,0.9829107161251303,0.9828681143964205,62000100
0.9570404951305337,0.967265426270344,0.9677175296527737,0.9633032045224473,0.9669801572615822,62000200
0.9906953164864907,0.9931279605497042,0.9936367846540102,0.9916658177544233,0.993142662095064,62000600
0.9664754087862522,0.971672223218685,0.9729094582347573,0.9710037700350704,0.9723248771984666,62000700
0.9938595297788262,0.9942532678315669,0.9946494492062146,0.9945829862318619,0.9939768762194473,62001200
0.9765757394347945,0.9801707657523717,0.9803665735954602,0.9803735226619401,0.9789382231593997,62001300
0.9972248455953814,0.9977722782021686,0.9980066754476576,0.997250585260025,0.9978757311605292,62001600
0.9089586153255311,0.9011537264413099,0.8922527418179533,0.9123038197506587,0.8991923237971227,62002400
0.9173620124280545,0.9316846628887994,0.9289377331139841,0.9312179771538868,0.9275073081831272,62004600
0.9878598316996848,0.9899592230943816,0.98948337393385,0.9891051305506642,0.9896027575664625,62005400
0.9614454308593428,0.9655805761693125,0.9670237893697634,0.9655100374847041,0.9653464689852252,62005600
0.9724503645866529,0.97328358377509006,0.9717717507919582,0.9740045287327862,0.9715258588750232,62005700
0.8991673081498838,0.912541065510914,0.917398511956075,0.9186837582201921,0.9112665054688692,62006100
0.9469765223950146,0.9607862705664298,0.9584389854846388,0.9553814482026062,0.9565336146271856,62006200
0.9635432330865036,0.9721740040976454,0.9722860409785548,0.9694474522238186,0.9689431355848962,62006700
0.9350749016850832,0.9460022584626644,0.9458025133349378,0.9481869456298904,0.942597774564295,62007300
0.9833073337675877,0.9860663955493395,0.9865217644843481,0.9837302572510604,0.9840224187924447,62007500
0.9918898764286119,0.9933715871848802,0.9937988610137163,0.9925993919958113,0.9934943210043086,62007800
0.9182570710497246,0.9201037648332908,0.9124374636843543,0.9308529983645685,0.9134234210839591,62008200
0.9639197046126403,0.9631547415483119,0.9632494437361053,0.9678754378219518,0.9643964516367979,66000800
0.6941518489091517,0.6650800362934424,0.6005656490051702,0.7027850237968234,0.5802098917049561,66001000
0.7048227001795478,0.7022998963535734,0.6898753487407735,0.7338011324212268,0.7073812531165213,66002700
0.8116800695025507,0.823708496057846,0.8278675397153752,0.840185528951732,0.8277622045940741,66002900
0.9336305968179307,0.9440847374563248,0.939084910048211,0.9393256869159218,0.9385538316175837,66003800
0.9421189702574407,0.9501716766085216,0.9457892358814728,0.9483024495252567,0.9442826828375974,66003900
0.774816902365253,0.7673824564128433,0.7642689709651029,0.8117784078758231,0.7504517636786272,66004500
0.9425494226366428,0.9500364127187484,0.9439526574293001,0.9508587843448714,0.9476159555272825,66004700
0.8772475213139365,0.8739890768849014,0.8787124222961923,0.8898423271126528,0.8688913868296614,66005200
0.8946597957866395,0.8912242288074157,0.8928802395698295,0.8989130321496326,0.8861864100854845,66005500
0.11948884039435576,0.12769359166752517,0.11776147930724895,0.11639621775023638,0.10958712228119523,69011800
0.04248865642208353,0.04480144090372868,0.04124960970814236,0.04230183823662016,0.04219076737358565,69012100
0.021956979564059672,0.023523876726478567,0.0217205724778192,0.02056700474690051,0.021246165529989595,69017400
0.03828349884811155,0.04122053982999016,0.03710726647385777,0.03797016232030492,0.03860989148062647,69022400
0.03639695230877683,0.04014047439750733,0.03667864015692803,0.033132254738910565,0.03418188699895336,69037200
0.05866745670027873,0.06266085855015323,0.05760931426010433,0.05476821872179251,0.0554615023717133,69037800
0.03187381831216861,0.03367939874216853,0.030718604667354286,0.0304681412510893,0.030798729058185443,69047000
0.3415501504071783,0.34121006455243247,0.32197013701349575,0.3149227089807768,0.31092012604403396,69049000
0.02365116188511098,0.025954569910500914,0.024020126461198353,0.02196231719130981,0.022745764258847626,69049100
0.013505243888954207,0.015041030231621936,0.013619518482359679,0.01201980131286341,0.012711811481252314,69051200
0.02955927263277516,0.030501283257453576,0.02906275965163095,0.027958606206670074,0.02862685523715466,69061700
0.0409430170010089,0.04175722318431511,0.03989243373425331,0.038748188597727086,0.03949356548641371,69084500
0.08690350179655504,0.08740713120902759,0.08267299793176497,0.08090949691369706,0.08168961259006616,69091400
0.20160354078388096,0.20580771675830473,0.1908410601075545,0.1866693096549994,0.17457032498139127,69130600
0.9716828093159021,0.9711203669837128,0.9734572980567447,0.9714021057175417,0.9714250510913485,70001700
0.9864096573907968,0.9877727985066554,0.9874581606331282,0.9872763841301704,0.9869427179384923,70002600
0.9740720300287072,0.9765728791830792,0.9801248216670139,0.9760286587828726,0.9772280084907342,70005000
0.9232883054332928,0.9176669853969514,0.9157558800075074,0.9212510803169381,0.920435877602984,70007200
0.9931599130337211,0.9949596618340578,0.9951389711429119,0.993056118539921,0.9946988577394441,70007600
0.8513727624704969,0.8408923045089675,0.8480696057235699,0.8540609263007821,0.8419777677122139,70009500
0.8728999203883107,0.8844632769536162,0.8953009903772284,0.8797881646303432,0.8916328307412996,71005500
0.8213070601476227,0.8237658691836615,0.8353138777822615,0.8133304800425235,0.8332766387335439,71006700
0.7589442188780059,0.7421613239988996,0.7434496227459565,0.7603871515664543,0.7594576923598158,71008100
0.8694289224119748,0.8552882425801802,0.8561518545469727,0.8674183265061102,0.8665105149103268,71008200
0.6214831068834276,0.6142356801315946,0.632576903854644,0.6288041989336771,0.6310575180024282,71014700
0.722209214143384,0.7282141194659781,0.7472612424964786,0.7322446208493834,0.755400210095555,73001400
0.6432228545201825,0.6376142205129521,0.6519089818147044,0.6684060583558826,0.6693275735703085,73001500
0.7239318291522849,0.7132757144266333,0.7211003036458222,0.7269795181311942,0.7107099381735454,73003500
0.6218819696666608,0.6079729590714626,0.6193763743580971,0.6212550241145587,0.6226565155334738,73005500
0.610887118154901,0.5995104363251272,0.6205223463985459,0.5986565343758369,0.6169684965957235,73007000
0.6157624133880041,0.595535136445608,0.593987712637527,0.5928987949043663,0.595092281337384,73007200
0.6503008013644486,0.629347158228196,0.6359380563445027,0.6443373679111176,0.6264823140352878,73008200
0.3114025858668873,0.30199622205486365,0.30569771211188157,0.30340895627900866,0.29135942111218815,73008300
0.2935028709793229,0.28519663033948994,0.2891204948475304,0.28811916345076855,0.27572624537698337,73008600
0.23288103521913436,0.22796528436966332,0.23186266655676685,0.23265847256946068,0.22080023669403792,73008700
0.4184801980384216,0.40484828136483664,0.4116453151661181,0.41928005788601713,0.4003676992571681,73008800
0.3116186019632125,0.3021636919788265,0.30578489529898506,0.30319044688102503,0.2913057848115026,73008900
0.6916212821684162,0.6675804225508394,0.6873001782066595,0.7012681528219139,0.6895829881655141,73010600
0.7248954665080531,0.7124960670437352,0.7213913810332575,0.7130798872288285,0.7176731586522773,73012300
0.898820364234084,0.8919665986417197,0.889135174585779,0.8862070974342146,0.8936658531905025,73012800
0.4319980882904077,0.41787845683642966,0.4250298308517141,0.4338964869585604,0.41422725420752443,73013300
0.5187644061269197,0.5008833961843312,0.5076101730144266,0.514756466616026,0.4960286169131215,73015600
0.36841226251985315,0.3567032167736525,0.3621427003665736,0.36526108419161674,0.3493113486570847,73015700
0.4491867389283117,0.4547979743539086,0.4751820583048474,0.4746668165359424,0.48255555091611296,73018300
0.5929345781888105,0.5738997471387848,0.5756732289808695,0.5576096819461903,0.5622837914489348,73019600
0.5555433758832734,0.5421520763415417,0.538087479598347,0.5419031285690356,0.5484032997825035,73024900
0.9690145636886753,0.9666245665427394,0.9703730699921844,0.9581207168900214,0.9660622254845096,73025100
0.48336062365658083,0.45216720374602293,0.4667366615986915,0.43286356351244976,0.4571334005725329,75007500
0.429583157317221,0.4109170739816827,0.41181884166057464,0.44051595598208426,0.4192726789816605,77000700
0.35377278021160996,0.35788832013113164,0.35783819510596687,0.34816586565910623,0.35880381513849036,77001900
0.22649101170479682,0.23138075587561396,0.23167479227269325,0.22653450827615818,0.22829319604691184,77008400
0.4117493483334914,0.4197063610255296,0.43620821664743725,0.3955832673332319,0.41426242137714575,77008900
0.3110451177983766,0.3098403286287862,0.2901614547614614,0.29296034579970553,0.3196737029054679,77015000
0.19738826469456155,0.19264345743071382,0.1898552904918077,0.18509594778307492,0.17888948641903674,77016300
0.212084687849199,0.21052917173277494,0.2005127278989113,0.19432128722242106,0.19442513868189448,77016400
0.31444363254770236,0.3137709222200586,0.3126017393351451,0.28584410996636533,0.29157607303622224,77018200
0.5313013505414548,0.529650247809461,0.4919896179788718,0.5016796400887262,0.48899567313230297,77019500
0.32858809134359157,0.3225560750177071,0.32428206225909517,0.3156023524007354,0.322793094247446,77020100
0.31396844296563414,0.2891367281517669,0.2921996149840311,0.2939487099049976,0.2932519980145505,77021500
0.062096361658447646,0.06208568943833009,0.06072374205251003,0.058029189765983195,0.059388624902021715,80003000
0.08582017307157384,0.08988287146468449,0.0971867296762017,0.08094490912538804,0.0853837423625413,80003400
0.8524113172636661,0.8596993735490552,0.8450850332981883,0.8765454955259131,0.848517866892914,81005500
0.937730826684034,0.9415339392250616,0.9472137703991115,0.9361287467078377,0.9411012437351737,82000100
0.8251045558257175,0.829788045415403,0.8330784562048379,0.851221267212516,0.8276710263880344,82002100
0.7287092544153078,0.7523043672336217,0.7521282022984238,0.776161817779625,0.7489523170649023,82003000
0.7968773360315005,0.8243473053517008,0.8332627740651092,0.8314776008865932,0.8297288247195106,82005200
0.6370404132243189,0.6908519107613232,0.6973208190590793,0.7040680883808789,0.6838607476295179,82005400
0.7619155638937724,0.7984383289984538,0.786938926243794,0.8056051955364273,0.7953240047244536,82005900
0.9292146251716811,0.936651534183662,0.9402959471461633,0.9421567003532147,0.9384304225919026,82007400
0.987958171347181,0.9902366473936649,0.9907588442776974,0.9891812465963524,0.9902439075665315,82009000
0.9766172481751912,0.9780864524249616,0.976393868922009,0.9790097516476141,0.9763068754677335,82009200
0.9913684833317886,0.9938384134295454,0.9939535382041508,0.9928099970204499,0.9938693250594198,82009400
0.9295729566617725,0.9335951549720284,0.9364412914602334,0.9474542596350436,0.9315083953495191,82010100
0.9326780998759401,0.9363956977981618,0.9389686448604984,0.9490731194699003,0.9340087588431215,82010300
0.8735919396303935,0.8757615144001616,0.8736430808161152,0.9015819519969362,0.87486259847584,82010400
0.8702690419859064,0.8855666314687366,0.8821798472776173,0.9045026309802955,0.8829958246820049,82010600
0.975186274653807,0.977851716760661,0.9773164176462966,0.9776757076552929,0.9766745219288477,82011800
0.879727142484653,0.8971275493744856,0.8933217504176271,0.906481459905392,0.8934428889916455,82013000
0.5900747515483039,0.5899087615282185,0.5447918508287588,0.6410652785728299,0.5765554245874519,82015300
0.7627987063051339,0.767886462807165,0.7675393824164927,0.7982560869444072,0.7707214255681213,82015900
0.95588792582877,0.9649242203962431,0.9640839157549039,0.96170296663678,0.9634587066945018,82016300
0.9513580531970988,0.9533176508659726,0.9505748922552191,0.9560835054217431,0.9509354632248355,82016700
0.6915259053755818,0.730136330416916,0.7146156747315983,0.7323070638753616,0.7245524582440859,82016800
0.8349368575097809,0.8492065748865064,0.8386056624915814,0.8670509760266112,0.8354090732574156,82028700
0.9810631626501971,0.9835418928559895,0.9854937718239039,0.9830817514779139,0.9855561686753429,85001100
0.9699868880082282,0.9707187957946434,0.973461225501807,0.9760153666423966,0.9738868964345938,85001200
0.745140974302991,0.7347619748070715,0.7344517742699126,0.7659614275711245,0.7560407723443232,86001100
0.8519112956245761,0.8546425247225161,0.8676289639489888,0.8625202252850426,0.8781710970071083,86002300
0.7920621996864443,0.7991462312434663,0.8114046931199214,0.8108893492072916,0.826922473785575,86003100
0.911493941343526,0.9129418221240538,0.9210769506551455,0.9119518745185181,0.9254520934765672,86005100
0.9217511754626571,0.9242342510291198,0.9256618412537606,0.9236992772821084,0.9226928302771396,86005300
0.8255081437443114,0.8275327602408643,0.8287762287468822,0.8471050286981425,0.8475084765999386,86006600
0.7958170360253894,0.792662093466277,0.8061972813940478,0.7944268637164783,0.81226806922231,86008800
0.9683009871905744,0.9689256828550563,0.9716393637965152,0.9644466900244857,0.9741479374690764,86009000
0.8845671530967021,0.859507147504371,0.8802465906517789,0.8832200563828877,0.8759621509594263,86010600
0.601822051030175,0.5902694866752816,0.6018543822113113,0.6246247548744198,0.5988719108518257,86010700
0.4956306463002012,0.4866106477052865,0.49653398749564903,0.5121189258139006,0.48906111614635067,86010800
0.9014459528022074,0.8934293094957845,0.9043825008156741,0.9020117645588016,0.9097917919096005,86011400
0.6723131822818366,0.6603312338245848,0.6798113587323256,0.6822172999035219,0.6779592118579998,86012000
0.9361467305366457,0.9366894732795481,0.9414876670359863,0.9457094047029633,0.9491696280320384,86012300
0.6211704976207995,0.5776410851899129,0.6046635346445228,0.6383097227192946,0.6153134759647475,86013401
0.44576038905679544,0.4069973222711022,0.4306449555345787,0.4516578332734348,0.4357328540230774,86013403
0.7146882550391084,0.7121243549167361,0.7299958547665996,0.7251056656469514,0.7420644013596382,86014000
0.6432541154147405,0.644243235134887,0.6572027372538928,0.6797850936685793,0.6788447893450148,86015600
0.7963102168319091,0.7801883915179021,0.8060145629364726,0.7780687956824517,0.8155494986742821,86016800
0.71423591268497,0.7049117727953148,0.7263830088380901,0.7262302489065476,0.7227985255322524,86018200
0.6587980328359576,0.636488359177105,0.6466013632396053,0.639086681888163,0.6544831309138978,86018300
0.9307513059132562,0.9319757980159759,0.9365653751166948,0.9273316911144396,0.9376097125639619,86018400
0.935353343033395,0.9277055968990381,0.9412616651882955,0.9326388142820147,0.9435076801131805,86018800
0.961900134401039,0.9579399548582557,0.9639864865201936,0.9566202962224251,0.9656123492276181,86019900
0.8628032571530216,0.8572836827753351,0.8745273012815706,0.8639590451737191,0.880517473369,86021700
0.7825467160010023,0.7792666418254175,0.7951350989185327,0.7869399581833184,0.8065599989805007,86022100
0.7960904889319956,0.8087771356777914,0.819408731826706,0.8011156865019836,0.8244215547315275,86022300
0.8062218897865252,0.8076114918699433,0.821137943570783,0.7955009249344935,0.8261099896146025,86022700
0.8871642901108248,0.887617626085685,0.896969692552214,0.8893467779752656,0.9033678991672959,86022900
0.903190916574458,0.9031737861677304,0.9116304178714751,0.9061223701838905,0.9177270410067789,86023000
0.5595588572093811,0.5406573909953194,0.5525300811816629,0.5731780782500648,0.565490136794586,86023300
0.5784467249715044,0.5819742243002067,0.6063965673339383,0.6156805399414622,0.6098968553323368,86024200
0.36339772980311774,0.34164603121907233,0.34096617400447843,0.37756750931018707,0.3458746180242367,86024300
0.8232138059885368,0.8022250278339147,0.8206040210986284,0.8254008076422003,0.8280881380658464,86025100
0.5055100712906515,0.47951565234791327,0.4958144331143311,0.49224470167423406,0.5037349770912568,86025200
0.7456431264053941,0.7490296131873606,0.7761699136503531,0.7652213926031673,0.789959761323675,86027300
0.7622127729026651,0.7263586017596907,0.7484009255185523,0.769869583235127,0.753161314804016,86027900
0.579366773013519,0.5674605181858585,0.5913231014580367,0.589815182618793,0.5893763406938035,86028100
0.6670679595833126,0.6457679508814685,0.6598940981181023,0.6801908945025295,0.6819914834129895,86028400
0.7860014962705753,0.7622728612161886,0.7835846571698196,0.7955809496088939,0.7931100719915047,86028800
0.757875251094983,0.7222467770028944,0.7443017055440582,0.7653708794186298,0.7496611268276955,86028900
