ACCESS,GFDL,IPSL,MIROC5,MRI,Period
0.2077733333333336,0.1873666666666667,0.18862666666666672,0.19759000000000004,0.18324666666666692,Current
0.63694,0.5473633333333326,0.5538233333333337,0.5676133333333326,0.5533766666666666,Current
0.03486,0.034706666666666657,0.06328666666666662,0.03469999999999998,0.08981999999999994,Current
0.021736666666666658,0.021396666666666668,0.019196666666666674,0.036559999999999974,0.02208333333333333,Current
0.9202600000000006,0.9249700000000012,0.8962666666666679,0.8920266666666674,0.8920600000000013,Current
0.9756833333333336,0.9815133333333335,0.9786833333333338,0.9850100000000002,0.9806866666666667,Current
0.6898933333333336,0.7318399999999993,0.7208766666666675,0.7184099999999999,0.7356600000000006,Current
0.9759433333333339,0.9569799999999999,0.979176666666667,0.9724000000000004,0.9683966666666672,Current
0.7115766666666664,0.7186999999999986,0.6975766666666665,0.7208699999999992,0.7102966666666669,Current
0.9650166666666672,0.9758566666666669,0.9689400000000005,0.9699333333333338,0.9629166666666679,Current
0.6489166666666669,0.6624299999999997,0.7262133333333333,0.7239866666666659,0.7360266666666656,Current
0.913883333333335,0.8848966666666677,0.8519233333333339,0.8754233333333336,0.8659566666666673,Current
0.9974899999999998,0.9966333333333337,0.9967366666666668,0.9955666666666666,0.9971,Current
0.6420066666666665,0.5708900000000005,0.6054266666666667,0.7477699999999992,0.5949133333333325,Current
0.12073380952380944,0.11393777777777767,0.11759357142857137,0.11775645021645009,0.11325666666666652,Current
0.04609333333333332,0.03809333333333333,0.03745999999999999,0.035576666666666666,0.04038666666666666,Current
0.07159999999999991,0.03982333333333332,0.05822999999999997,0.06884999999999991,0.050643333333333304,Current
0.1289000000000001,0.1301633333333333,0.1558400000000002,0.1514100000000001,0.14591666666666678,Current
0.03606333333333333,0.03175999999999998,0.05274666666666666,0.048056666666666616,0.07431333333333322,Current
0.16337333333333356,0.15795333333333347,0.15388000000000016,0.15504333333333353,0.1419366666666668,Current
0.02318666666666667,0.02105000000000002,0.022700000000000015,0.02256333333333335,0.026640000000000014,Current
0.020300000000000002,0.016160000000000004,0.021496666666666674,0.03450333333333333,0.053909999999999965,Current
0.11021333333333334,0.10129999999999983,0.11221333333333323,0.1216466666666666,0.11830999999999998,Current
0.03929000000000001,0.036453333333333345,0.036033333333333334,0.04302999999999996,0.031409999999999993,Current
0.17730666666666675,0.18422666666666704,0.16044333333333352,0.1639799999999999,0.16980000000000006,Current
0.09793666666666656,0.10163666666666661,0.12478000000000002,0.14914333333333338,0.14431166666666662,Current
0.017083333333333336,0.01814666666666667,0.021600000000000008,0.02272000000000001,0.017150000000000006,Current
0.02476666666666668,0.019996666666666673,0.020036666666666682,0.025466666666666676,0.02423000000000001,Current
0.049509999999999964,0.05213333333333332,0.04743999999999996,0.05091999999999995,0.056343333333333294,Current
0.08011666666666648,0.08536999999999986,0.07115999999999989,0.07957666666666655,0.07723333333333317,Current
0.02165666666666668,0.021860952380952387,0.025736666666666668,0.021650000000000016,0.02551,Current
0.0512733333333333,0.04640666666666668,0.046909999999999986,0.049519999999999974,0.04030666666666662,Current
0.061109999999999956,0.05830333333333335,0.06940333333333326,0.06133333333333323,0.0608033333333332,Current
0.02010666666666667,0.015983333333333342,0.020296666666666675,0.028366666666666675,0.024636666666666675,Current
0.06966999999999997,0.05707999999999997,0.06107666666666662,0.06126,0.06070333333333328,Current
0.0640466666666666,0.06871999999999993,0.0584428571428571,0.06581095238095232,0.058283333333333256,Current
0.037306666666666655,0.03613666666666667,0.03232333333333333,0.05308999999999994,0.036953333333333345,Current
0.013143333333333342,0.013266666666666666,0.011416666666666669,0.01091,0.010253333333333335,Current
0.09133999999999999,0.08915666666666662,0.1018566666666666,0.0727833333333333,0.09464999999999994,Current
0.09259666666666656,0.14423000000000002,0.06983999999999994,0.09588333333333325,0.07787999999999995,Current
0.030000000000000006,0.04012333333333331,0.034523333333333336,0.035816666666666656,0.028856666666666673,Current
0.18980666666666685,0.18607333333333384,0.183756666666667,0.17726000000000014,0.17317666666666712,Current
0.042636666666666656,0.02506666666666668,0.0181,0.027153333333333342,0.03189666666666668,Current
0.10684999999999996,0.10693666666666664,0.07938666666666654,0.09298666666666654,0.10804999999999984,Current
0.29790333333333335,0.2898233333333337,0.2916133333333336,0.28516666666666673,0.27655,Current
0.9686366666666676,0.9727833333333334,0.9646733333333332,0.959833333333334,0.9638733333333336,Current
0.9896800000000001,0.9893966666666673,0.9803100000000002,0.9895233333333338,0.9881900000000005,Current
0.8710100000000017,0.8554833333333339,0.8761800000000003,0.8615300000000008,0.8791766666666677,Current
0.6099800000000001,0.6031166666666666,0.6012566666666661,0.5690699999999997,0.5953233333333335,Current
0.7518866666666665,0.7483066666666675,0.7604266666666659,0.747580000000001,0.7419500000000007,Current
0.7807500000000009,0.8023500000000009,0.8077299999999997,0.7740766666666672,0.771233333333333,Current
0.9766633333333337,0.9726833333333329,0.9708799999999994,0.9728066666666664,0.9758433333333333,Current
0.9805500000000004,0.9845433333333337,0.9796333333333341,0.9787233333333334,0.9838366666666667,Current
0.9876066666666665,0.9876800000000001,0.9869233333333332,0.9903699999999999,0.9904666666666669,Current
0.9792466666666675,0.9704000000000007,0.9762433333333335,0.9731866666666678,0.9758400000000005,Current
0.9777466666666672,0.9783366666666672,0.9829533333333338,0.9843633333333335,0.9777400000000003,Current
0.963680000000001,0.9689300000000008,0.9626733333333343,0.9621800000000007,0.9631333333333345,Current
0.9991200000000002,0.9991266666666666,0.9986400000000002,0.9986299999999999,0.9989300000000003,Current
0.9899366666666669,0.9848800000000004,0.9830400000000005,0.9840066666666669,0.9829266666666671,Current
0.9916266666666669,0.993376666666667,0.9931000000000003,0.9914766666666668,0.9919633333333336,Current
0.9705900000000005,0.9803133333333334,0.98114,0.97775,0.9769300000000001,Current
0.3383400000000002,0.3347700000000008,0.3512700000000005,0.34549666666666706,0.3517433333333337,Current
0.9103366666666672,0.8990600000000007,0.8367400000000002,0.9213966666666682,0.8680700000000016,Current
0.9390333333333345,0.9493666666666682,0.9435699999999997,0.9507766666666676,0.9431866666666677,Current
0.7606766666666673,0.7579599999999997,0.7493233333333339,0.7584900000000012,0.7572733333333336,Current
0.988836666666667,0.9922266666666668,0.9941400000000005,0.9933900000000006,0.9925033333333342,Current
0.9793699999999999,0.9784333333333334,0.9776533333333333,0.9777166666666671,0.9760066666666671,Current
0.9298633333333346,0.9540866666666683,0.9361433333333341,0.9530166666666672,0.9606566666666684,Current
0.9760633333333338,0.9748266666666668,0.9765133333333333,0.9755033333333335,0.9774133333333337,Current
0.9554633333333336,0.9776100000000005,0.9859200000000002,0.962573333333334,0.9588800000000005,Current
0.9684300000000003,0.9840566666666675,0.9904900000000005,0.9909933333333338,0.9445699999999997,Current
0.9837333333333336,0.9887833333333338,0.9924066666666671,0.990766666666667,0.9937666666666674,Current
0.9916266666666669,0.9901466666666667,0.9827133333333337,0.9824933333333337,0.9894333333333334,Current
0.9813633333333337,0.9777200000000008,0.9786800000000009,0.9789300000000009,0.9813866666666671,Current
0.9953400000000001,0.9953000000000004,0.995086666666667,0.9957966666666666,0.9958066666666667,Current
0.9670866666666672,0.9596566666666673,0.9468799999999996,0.9852233333333337,0.987786666666667,Current
0.9311333333333343,0.9095133333333337,0.9213433333333338,0.9088966666666676,0.9162433333333345,Current
0.6785133333333339,0.7248399999999998,0.7136466666666673,0.7045666666666676,0.6931133333333336,Current
0.8973033333333351,0.9036933333333335,0.9109633333333337,0.9060033333333344,0.911720000000001,Current
0.7791766666666674,0.7727833333333335,0.7750599999999991,0.7744999999999997,0.7720100000000009,Current
0.9960333333333335,0.9964300000000001,0.9955266666666668,0.9946633333333333,0.9947833333333334,Current
0.6424566666666676,0.6321766666666665,0.5844433333333336,0.6259866666666665,0.5770666666666676,Current
0.7548033333333333,0.768876666666667,0.8040899999999999,0.8266733333333336,0.741663333333334,Current
0.04142333333333331,0.022396666666666665,0.03202761904761905,0.024436666666666676,0.027863333333333316,Current
0.7372933333333336,0.7354466666666661,0.7279566666666663,0.7214199999999992,0.7204866666666667,Current
0.5529833333333328,0.5385633333333336,0.5521399999999995,0.5318766666666664,0.5433966666666669,Current
0.5310233333333335,0.5576766666666667,0.5304633333333335,0.5310333333333334,0.5350933333333335,Current
0.06541999999999996,0.07332666666666657,0.1027833333333331,0.07699666666666659,0.0880199999999998,Current
0.06548666666666658,0.0935733333333331,0.1272133333333332,0.08869999999999989,0.10171333333333316,Current
0.11310666666666652,0.13850000000000012,0.16966,0.1533633333333333,0.12393,Current
0.11097333333333335,0.11755000000000014,0.09873333333333324,0.1128433333333332,0.07467333333333323,Current
0.10791666666666665,0.1377800000000001,0.1308933333333333,0.12570333333333325,0.12718000000000007,Current
0.2171433333333338,0.2134600000000002,0.20664000000000018,0.24235333333333337,0.21186000000000035,Current
0.10709,0.10539999999999974,0.10344666666666646,0.10280666666666644,0.09962666666666649,Current
0.09438333333333324,0.09904666666666645,0.09444333333333313,0.09227666666666647,0.09117333333333319,Current
0.9085866666666681,0.9144866666666674,0.9431600000000013,0.9102633333333346,0.952050000000001,Current
0.6903566666666657,0.7733233333333337,0.8218700000000004,0.8328266666666674,0.7808799999999998,Current
0.9531166666666675,0.9599166666666673,0.9563066666666671,0.9572600000000008,0.9581000000000005,Current
0.9036766666666679,0.9179933333333338,0.9081366666666676,0.9220900000000009,0.9204233333333343,Current
0.9883066666666673,0.986593333333334,0.9882466666666673,0.983836666666667,0.9891500000000005,Current
0.7703733333333339,0.8644233333333341,0.870946666666668,0.8782400000000018,0.8877966666666681,Current
0.27965666666666744,0.429593333333334,0.40699333333333354,0.4453999999999995,0.3847000000000002,Current
0.7332199999999993,0.7460166666666661,0.7968700000000001,0.7555933333333323,0.7787766666666666,Current
0.8163133333333341,0.7850566666666661,0.7909933333333339,0.9132333333333349,0.9170866666666676,Current
0.01646000000000001,0.0210159523809524,0.013216666666666673,0.015051428571428582,0.010240000000000003,Current
0.24288333333333395,0.2407500000000004,0.2476800000000003,0.2564666666666673,0.23995666666666726,Current
0.07097999999999988,0.07114999999999988,0.0739399999999998,0.07534999999999988,0.07283333333333315,Current
0.05524666666666661,0.05054999999999998,0.055756666666666545,0.056763333333333256,0.05537666666666661,Current
0.05576000000000001,0.05572333333333329,0.05342333333333332,0.05170666666666662,0.055099999999999975,Current
0.10502999999999979,0.1077666666666665,0.10887666666666637,0.10977666666666651,0.1084666666666664,Current
0.1174899999999999,0.10701666666666639,0.1163666666666666,0.10941666666666658,0.11602999999999981,Current
0.12273333333333324,0.12139666666666656,0.12771666666666665,0.12462666666666662,0.11923666666666644,Current
0.2044033333333333,0.20202000000000003,0.2026733333333336,0.1995133333333336,0.20674000000000023,Current
0.039666666666666635,0.03657333333333333,0.0362733333333333,0.042439999999999985,0.03795000000000001,Current
0.06150666666666656,0.05621333333333323,0.06114999999999988,0.06148666666666658,0.06181666666666656,Current
0.7341000000000003,0.7278533333333331,0.7158999999999998,0.7022099999999989,0.7032166666666666,Current
0.595033333333333,0.61873,0.6519833333333331,0.6365833333333325,0.6254433333333336,Current
0.9171666666666682,0.9109300000000016,0.9001033333333337,0.9177666666666683,0.8972733333333346,Current
0.6750299999999994,0.6718333333333326,0.6901266666666672,0.6800699999999988,0.6483199999999998,Current
0.8341033333333336,0.8362533333333344,0.83824,0.8505966666666672,0.8048500000000007,Current
0.326223333333334,0.3347800000000009,0.3302766666666665,0.3053633333333337,0.3305300000000008,Current
0.6668666666666674,0.5612666666666666,0.5795699999999997,0.5577500000000004,0.6022599999999994,Current
0.11150333333333312,0.14497000000000015,0.16059000000000007,0.12780333333333319,0.20815000000000028,Current
0.09609999999999987,0.09615333333333315,0.11212999999999992,0.10939666666666649,0.1271033333333332,Current
0.31577000000000005,0.2940033333333337,0.273796666666667,0.3044900000000003,0.29987333333333355,Current
0.6280466666666668,0.5891766666666663,0.6280333333333318,0.5766900000000001,0.6719866666666657,Current
0.6260399999999988,0.6096366666666669,0.7622466666666656,0.5873700000000002,0.7178500000000001,Current
0.6233833333333334,0.6173266666666672,0.6109499999999992,0.6042266666666671,0.6321666666666664,Current
0.5170466666666662,0.5413033333333337,0.5100300000000008,0.5176966666666669,0.5090466666666668,Current
0.5575766666666669,0.5195833333333324,0.55395,0.5401233333333334,0.6141200000000004,Current
0.49400333333333357,0.4973833333333334,0.4986366666666682,0.489423333333334,0.5064000000000004,Current
0.08667999999999981,0.07912666666666658,0.08431666666666653,0.07736333333333323,0.08306571428571406,Current
0.03475999999999999,0.08082999999999971,0.07621666666666646,0.04491666666666666,0.08834333333333316,Current
0.038280000000000015,0.05427666666666662,0.05803333333333327,0.03375000000000002,0.06913333333333331,Current
0.1742700000000002,0.10712333333333308,0.11815333333333335,0.19209333333333306,0.13895333333333335,Current
0.24594000000000046,0.2726066666666672,0.27782000000000034,0.2507500000000004,0.276176666666667,Current
0.05049,0.050069999999999996,0.04472999999999999,0.03982666666666663,0.04807904761904758,Current
0.04434999999999996,0.09667999999999975,0.10032999999999967,0.07014333333333321,0.10656666666666648,Current
0.10118999999999971,0.10895333333333301,0.11122999999999988,0.10257333333333306,0.11638666666666651,Current
0.08113333333333318,0.144946666666667,0.13742333333333331,0.10156999999999988,0.14209000000000013,Current
0.199126666666667,0.18295666666666713,0.19636000000000034,0.17488666666666708,0.19382333333333382,Current
0.6633100000000003,0.688653333333334,0.6348633333333321,0.6397433333333327,0.644696666666667,Current
0.05186999999999995,0.06360999999999992,0.0583533333333333,0.04883333333333331,0.07535571428571415,Current
0.02322333333333334,0.02669333333333333,0.02308333333333334,0.02078,0.025583333333333333,Current
0.03142666666666667,0.044333333333333294,0.05185333333333331,0.04146333333333333,0.053397142857142844,Current
0.936446666666668,0.9311066666666682,0.9268033333333344,0.9410266666666688,0.871396666666668,Current
0.05112666666666666,0.047999999999999994,0.05412999999999996,0.047276666666666634,0.05550666666666663,Current
0.12265333333333327,0.1339533333333334,0.11918000000000002,0.11069999999999995,0.1127533333333333,Current
0.2616266666666672,0.26799333333333353,0.30196333333333375,0.24214666666666707,0.2818433333333332,Current
0.1799433333333335,0.1609600000000003,0.2123133333333336,0.10220666666666653,0.22727666666666682,Current
0.35107666666666726,0.3807900000000001,0.4201666666666664,0.3267533333333336,0.42339333333333323,Current
0.19469000000000014,0.18062666666666688,0.18920000000000048,0.17118666666666696,0.19704000000000021,Current
0.07634333333333333,0.08397333333333323,0.08953999999999988,0.08295333333333332,0.10066047619047604,Current
0.7017199999999997,0.6893533333333329,0.6926499999999997,0.670546666666666,0.6888533333333334,Current
0.19606666666666697,0.13572666666666694,0.14642000000000022,0.13221000000000005,0.18742666666666674,Current
0.04605666666666669,0.07310333333333323,0.11285999999999995,0.06178666666666657,0.08565999999999988,Current
0.2525166666666669,0.25883333333333386,0.2789833333333336,0.2511600000000006,0.2686233333333334,Current
0.16252000000000036,0.17337333333333377,0.16135666666666673,0.1393300000000001,0.1943600000000004,Current
0.20594666666666703,0.20793000000000025,0.23533333333333367,0.21581000000000053,0.31640333333333304,Current
0.11419131313131305,0.15523080808080839,0.16271989898989928,0.11870454545454527,0.15566727439227473,Current
0.18738476190476283,0.17726764790764826,0.1876088528138539,0.18778160894660975,0.183460622155623,Current
0.24552928571428662,0.22665457431457545,0.2312980591630604,0.23791795815295885,0.2417457808857821,Current
0.3301571428571445,0.31288585858586027,0.31505670995671115,0.32463137085137256,0.31055173326673496,Current
0.3301571428571445,0.31288585858586027,0.31505670995671115,0.32463137085137256,0.31055173326673496,Current
0.2066876623376626,0.298365476190476,0.28821793650793653,0.17127071428571441,0.3038192735042738,Current
0.40312666666666686,0.3984933333333329,0.4191633333333339,0.41647000000000045,0.4174966666666669,Current
0.3467633333333334,0.3577566666666663,0.3635966666666667,0.34807000000000055,0.35128333333333256,Current
0.3043866666666668,0.2981033333333337,0.23019333333333383,0.31795666666666733,0.23964999999999992,Current
0.9289966666666672,0.9232566666666678,0.9271833333333341,0.9223500000000002,0.9240066666666673,Current
0.9852766666666668,0.9853566666666671,0.9876133333333339,0.9815866666666668,0.9869600000000006,Current
0.9693900000000006,0.9654400000000002,0.964506666666667,0.9830933333333339,0.9746733333333335,Current
0.9881400000000001,0.9918966666666671,0.9897200000000003,0.9909766666666671,0.9885966666666669,Current
0.9658366666666669,0.9733433333333341,0.9669333333333335,0.9679866666666676,0.9629566666666673,Current
0.9931200000000001,0.9963300000000003,0.9955733333333333,0.9953633333333333,0.9955766666666667,Current
0.9935533333333342,0.9926333333333336,0.9934333333333342,0.9889200000000002,0.9945333333333336,Current
0.9452366666666672,0.9539100000000003,0.9510866666666674,0.9479633333333344,0.9474233333333337,Current
0.9992733333333336,0.9993833333333334,0.9992733333333336,0.9988733333333334,0.998866666666667,Current
0.8122066666666671,0.8076200000000002,0.8018166666666676,0.8065666666666677,0.8158533333333334,Current
0.9548566666666671,0.9480700000000007,0.9552766666666676,0.9503100000000011,0.9512966666666677,Current
0.9385366666666669,0.9278033333333351,0.9370900000000012,0.9315266666666677,0.9368066666666682,Current
0.9661566666666679,0.9643866666666672,0.9613466666666675,0.9637900000000001,0.9649766666666674,Current
0.09558999999999984,0.07073999999999984,0.07705999999999996,0.06685666666666656,0.08330333333333309,Current
0.16428000000000043,0.14390000000000014,0.13775000000000015,0.17612666666666674,0.1633633333333338,Current
0.8023033333333334,0.7814499999999994,0.7465400000000006,0.8033366666666663,0.7472966666666668,Current
0.32658,0.2866000000000003,0.318426666666667,0.24776333333333328,0.314606666666667,Current
0.6433333333333336,0.6157866666666668,0.6365933333333333,0.6360633333333329,0.6166,Current
0.5452566666666662,0.5005899999999996,0.501486666666667,0.537856666666667,0.5037000000000003,Current
0.02729666666666667,0.03465666666666667,0.023216666666666677,0.02235666666666667,0.03547,Current
0.08651333333333308,0.06785999999999986,0.05698666666666661,0.12733333333333313,0.0690833333333332,Current
0.2803700000000003,0.2589633333333339,0.24513666666666709,0.2704266666666673,0.24582333333333387,Current
0.08477999999999988,0.08843666666666662,0.08444666666666659,0.08772999999999992,0.08931333333333322,Current
0.07510999999999987,0.08803333333333326,0.10483999999999995,0.09176333333333322,0.0925099999999999,Current
0.06320666666666663,0.055596666666666635,0.060069999999999985,0.058773333333333344,0.05231333333333331,Current
0.06841666666666664,0.06758333333333333,0.044796666666666644,0.0668466666666666,0.03439666666666666,Current
0.07266333333333332,0.028346666666666676,0.020990000000000005,0.03532999999999999,0.023296666666666684,Current
0.15359666666666683,0.10692333333333306,0.09410999999999979,0.08630333333333318,0.06768999999999992,Current
0.09118999999999969,0.10901999999999984,0.11437333333333313,0.14064333333333345,0.07658666666666647,Current
0.07237333333333326,0.07097999999999988,0.07712333333333325,0.07207666666666662,0.08465666666666652,Current
0.07573999999999984,0.08101999999999987,0.12816333333333327,0.07233666666666648,0.08810999999999981,Current
0.13758999999999993,0.1293000000000001,0.12801999999999994,0.12981000000000004,0.15309000000000014,Current
0.044876666666666676,0.048073333333333315,0.04807333333333335,0.04984333333333328,0.046716666666666656,Current
0.1112133333333332,0.10027999999999979,0.10952333333333306,0.10469666666666658,0.12134666666666663,Current
0.04496666666666672,0.01879333333333333,0.02739333333333334,0.05892333333333323,0.019090000000000003,Current
0.11406666666666665,0.08318999999999992,0.0871,0.09420666666666662,0.08730666666666662,Current
0.21647000000000044,0.06429333333333326,0.08229999999999982,0.20655000000000023,0.08209047619047605,Current
0.5354366666666669,0.5619266666666667,0.5238900000000002,0.5454066666666675,0.5306666666666664,Current
0.11572666666666648,0.11984333333333316,0.13610000000000017,0.10500333333333302,0.1607066666666668,Current
0.08259333333333325,0.05791999999999994,0.08048666666666647,0.08189999999999985,0.06977999999999997,Current
0.08220666666666653,0.07055333333333322,0.07007666666666656,0.07266333333333326,0.07299999999999988,Current
0.1976833333333339,0.20026000000000035,0.14557666666666663,0.21708000000000016,0.21235333333333362,Current
0.017803333333333355,0.015110000000000007,0.026700000000000015,0.014856666666666666,0.033223333333333334,Current
0.6403099999999995,0.6351766666666661,0.6474499999999999,0.6059633333333334,0.6623099999999993,Current
0.03047666666666664,0.02504333333333334,0.032053333333333316,0.02664666666666667,0.025833333333333344,Current
0.1359400000000001,0.14746999999999993,0.14111666666666664,0.15268666666666666,0.13598000000000007,Current
0.11462333333333317,0.12922666666666668,0.06585666666666662,0.07549333333333329,0.06663333333333331,Current
0.1410166666666667,0.1445700000000001,0.1273399999999999,0.1379799999999999,0.07945666666666648,Current
0.5828366666666669,0.5881133333333333,0.6842799999999994,0.5747699999999999,0.6717333333333323,Current
0.08818999999999987,0.10303666666666647,0.08488333333333326,0.1255066666666665,0.11364333333333325,Current
0.9883533333333336,0.9831300000000003,0.9875466666666667,0.981603333333334,0.987866666666667,Current
0.14758666666666687,0.12913333333333338,0.11638333333333332,0.13585000000000005,0.07370666666666655,Current
0.26642666666666726,0.29581000000000035,0.32464666666666697,0.24556333333333397,0.3097600000000002,Current
0.2773366666666668,0.22920666666666706,0.17011666666666678,0.2271033333333336,0.13096000000000002,Current
0.919780000000001,0.9258200000000003,0.9219866666666662,0.9160400000000014,0.9201133333333337,Current
0.9983233333333333,0.9986733333333337,0.9983766666666667,0.9993933333333332,0.99887,Current
0.995416666666667,0.9974133333333335,0.9960300000000001,0.9939400000000002,0.995276666666667,Current
0.9986133333333335,0.9980866666666667,0.9969900000000002,0.9979466666666668,0.99685,Current
0.9892033333333333,0.9935633333333334,0.99371,0.9902633333333333,0.9935600000000002,Current
0.8592900000000009,0.8567933333333347,0.8460633333333335,0.8439500000000002,0.8600600000000017,Current
0.9751300000000008,0.9744966666666667,0.9744166666666668,0.9738100000000006,0.9759700000000001,Current
0.9880733333333331,0.9896600000000004,0.9888433333333334,0.9878166666666666,0.9905966666666667,Current
0.9984333333333334,0.9961966666666665,0.9963666666666667,0.9991766666666668,0.9985300000000001,Current
0.9991633333333333,0.9985133333333335,0.9981433333333333,0.9968600000000001,0.9980500000000002,Current
0.9965133333333334,0.99787,0.9955766666666667,0.9967533333333335,0.99797,Current
0.9581366666666669,0.9653366666666671,0.9627800000000003,0.9616666666666664,0.9632200000000001,Current
0.9714366666666674,0.972613333333334,0.976143333333334,0.9542300000000005,0.9741933333333335,Current
0.9919366666666667,0.9890600000000003,0.9927766666666666,0.9909133333333335,0.9932433333333335,Current
0.9237233333333339,0.922436666666667,0.9167033333333329,0.9202366666666665,0.9167433333333336,Current
0.8659300000000003,0.8741600000000023,0.8724466666666675,0.8702333333333341,0.8743933333333347,Current
0.9900266666666674,0.9905366666666668,0.9893433333333341,0.9885966666666671,0.9929933333333336,Current
0.9636033333333333,0.9684266666666668,0.9622133333333334,0.9674266666666669,0.9661400000000006,Current
0.9944866666666665,0.9959900000000004,0.9953733333333336,0.9934866666666669,0.9955433333333334,Current
0.9918,0.9801633333333335,0.9804433333333331,0.9946133333333335,0.99367,Current
0.9959233333333334,0.9965866666666671,0.99628,0.9963200000000002,0.9958833333333336,Current
0.9283133333333333,0.9186300000000011,0.9205366666666678,0.907316666666667,0.9135766666666668,Current
0.9682366666666672,0.9576766666666668,0.9358533333333334,0.9600066666666671,0.9519733333333339,Current
0.9949066666666667,0.9963300000000003,0.9951833333333334,0.995506666666667,0.9943866666666669,Current
0.9719300000000003,0.9883166666666666,0.9826399999999994,0.9925466666666671,0.97995,Current
0.9843833333333342,0.9815566666666676,0.9835133333333337,0.9841766666666674,0.9873300000000007,Current
0.9820900000000004,0.9861700000000004,0.9814966666666671,0.9820800000000003,0.9840800000000003,Current
0.9699333333333334,0.9743300000000003,0.9696900000000003,0.9739933333333338,0.9715366666666665,Current
0.9874666666666669,0.9874666666666668,0.9887300000000003,0.9864466666666672,0.9890666666666668,Current
0.895746666666667,0.9256533333333337,0.9175933333333335,0.9241400000000007,0.9205466666666678,Current
0.9922833333333337,0.9912333333333334,0.9952633333333332,0.9899300000000006,0.9941633333333341,Current
0.9954733333333338,0.9976133333333337,0.9960100000000004,0.9980300000000001,0.9952733333333336,Current
0.9567833333333335,0.9497100000000006,0.9610200000000002,0.9394700000000006,0.9682466666666675,Current
0.9520600000000008,0.9625966666666678,0.9638633333333347,0.9668633333333341,0.9557133333333339,Current
0.950120000000001,0.9487933333333349,0.9392800000000004,0.9371900000000007,0.9443700000000014,Current
0.986313333333334,0.9913700000000003,0.988843333333334,0.985710000000001,0.989066666666667,Current
0.9307266666666677,0.9257766666666681,0.9306400000000005,0.9256300000000006,0.9296033333333343,Current
0.8853466666666685,0.8813433333333336,0.89131,0.8842433333333345,0.89391,Current
0.6760433333333334,0.6661099999999992,0.7045833333333339,0.6934999999999992,0.6785700000000005,Current
0.912053333333334,0.916253333333334,0.9052966666666665,0.9149333333333337,0.899856666666668,Current
0.9940066666666671,0.9931500000000005,0.989040000000001,0.991676666666667,0.992203333333334,Current
0.9865666666666668,0.9851100000000003,0.9762766666666672,0.9838333333333336,0.9842800000000002,Current
0.9500366666666676,0.9588066666666673,0.9685366666666673,0.9646966666666673,0.959176666666667,Current
0.9401133333333337,0.9168666666666672,0.9452066666666671,0.9270866666666677,0.9389900000000007,Current
0.24124333333333353,0.23965000000000028,0.23540666666666676,0.2476900000000002,0.23567000000000016,Current
0.13025666666666666,0.1243766666666667,0.12647000000000008,0.1361666666666667,0.12139333333333341,Current
0.0399733333333333,0.03172,0.027363333333333337,0.03127000000000001,0.024573333333333353,Current
0.015893333333333346,0.014956666666666675,0.008636666666666664,0.011573333333333338,0.014310000000000005,Current
0.04042333333333332,0.04255333333333332,0.037103333333333335,0.044499999999999984,0.04127999999999999,Current
0.015163333333333341,0.011113333333333336,0.011790000000000007,0.012646666666666674,0.01508666666666667,Current
0.056893333333333296,0.05882999999999996,0.05186999999999999,0.03942666666666665,0.0667666666666666,Current
0.1480866666666667,0.13227000000000003,0.13732000000000005,0.12010999999999986,0.13828666666666675,Current
0.0066799999999999984,0.008406666666666666,0.008223333333333327,0.007846666666666662,0.005883333333333328,Current
0.037606666666666684,0.04080666666666666,0.05037333333333334,0.03939333333333333,0.03952666666666667,Current
0.5443161111111106,0.5787934920634933,0.5796769047619035,0.5356274819624826,0.5315161538461541,Current
0.03281999999999999,0.032040000000000006,0.02773000000000001,0.045036666666666676,0.032703333333333334,Current
0.6377833333333333,0.6591300000000009,0.6241033333333322,0.6405866666666665,0.6588499999999996,Current
0.6871633333333327,0.6933999999999996,0.6759166666666664,0.6850033333333333,0.6627299999999993,Current
0.7885133333333341,0.7899600000000011,0.787343333333333,0.7868666666666666,0.7722633333333336,Current
0.9096366666666675,0.9159666666666672,0.9176600000000003,0.9254400000000007,0.9337666666666679,Current
0.6756700000000005,0.6931900000000003,0.7066333333333324,0.689716666666667,0.7254700000000004,Current
0.8173666666666672,0.8101233333333332,0.7887966666666666,0.7009366666666665,0.8124866666666665,Current
0.20400333333333398,0.19874095238095263,0.19168000000000038,0.16142055555555576,0.168696666666667,Current
0.6491633333333328,0.6489499999999997,0.6583566666666669,0.6452433333333334,0.64992,Current
0.6766166666666659,0.6780999999999998,0.6861133333333332,0.6587333333333327,0.6753566666666665,Current
0.11794999999999986,0.1554100000000003,0.13934333333333346,0.12531,0.12772333333333336,Current
0.09143999999999981,0.08357523809523797,0.08269999999999994,0.08817095238095231,0.07401333333333324,Current
0.6488266666666663,0.6505233333333337,0.6535133333333332,0.6562799999999988,0.6558666666666664,Current
0.6797500000000003,0.6679533333333331,0.6840299999999997,0.6719433333333326,0.6745266666666667,Current
0.6714366666666661,0.6796366666666659,0.6648066666666677,0.6768533333333334,0.6687099999999995,Current
0.49163666666666594,0.48302666666666744,0.4815299999999993,0.46970333333333336,0.4926166666666668,Current
0.1472366666666668,0.14344666666666678,0.14080000000000006,0.12110999999999997,0.13548666666666673,Current
0.2723900000000004,0.26640666666666746,0.2907500000000009,0.272896666666667,0.29279666666666704,Current
0.025496666666666678,0.04328666666666667,0.016796666666666675,0.02106666666666668,0.035806666666666674,Current
0.07795999999999992,0.07733999999999988,0.07662666666666658,0.08687333333333326,0.07740333333333325,Current
0.0870866666666665,0.12521333333333345,0.09709333333333302,0.09641333333333321,0.0796299999999998,Current
0.03995666666666666,0.03411333333333334,0.036619999999999986,0.03404,0.036406666666666664,Current
0.01897333333333335,0.019003333333333348,0.02112333333333335,0.020086666666666683,0.019930000000000014,Current
0.042793333333333336,0.020140000000000012,0.03617666666666669,0.05299999999999999,0.03699999999999999,Current
0.08902999999999993,0.03920666666666667,0.08307333333333324,0.10074666666666654,0.07785333333333323,Current
0.028296666666666675,0.027080000000000007,0.028580000000000008,0.04039333333333331,0.02983666666666666,Current
0.022963333333333343,0.022073333333333348,0.031776666666666654,0.025033333333333355,0.0285,Current
0.009236666666666669,0.010013333333333338,0.009356666666666664,0.010570000000000001,0.008603333333333331,Current
0.04309333333333329,0.05261666666666664,0.04806333333333333,0.049976666666666635,0.05417999999999997,Current
0.10006666666666655,0.09867333333333313,0.10714666666666658,0.11152666666666652,0.11202333333333322,Current
0.01958333333333335,0.021930000000000015,0.02305666666666669,0.018833333333333348,0.020936666666666683,Current
0.21404000000000084,0.2120700000000009,0.18892000000000062,0.20956000000000058,0.1923900000000004,Current
0.2834466666666675,0.26141666666666763,0.2791500000000005,0.2799733333333339,0.2785600000000004,Current
0.4355799999999999,0.44545000000000007,0.4540933333333337,0.452866666666667,0.4625233333333336,Current
0.15618000000000015,0.12067000000000007,0.06035999999999999,0.1565633333333334,0.06820333333333327,Current
0.2739433333333341,0.27517333333333377,0.3058366666666669,0.2963366666666677,0.30811000000000033,Current
0.6931033333333327,0.7313466666666677,0.8241233333333332,0.6802333333333338,0.7836200000000011,Current
0.44715666666666687,0.43837333333333317,0.44109000000000004,0.44157333333333326,0.43307666666666655,Current
0.6376766666666669,0.7323700000000001,0.7114566666666661,0.7073066666666662,0.7208866666666669,Current
0.9026766666666668,0.921173333333334,0.9236966666666676,0.9227033333333344,0.9222333333333345,Current
0.9548100000000012,0.9475133333333335,0.920936666666668,0.9383566666666682,0.9419800000000008,Current
0.842653333333334,0.8291599999999991,0.771653333333334,0.896706666666668,0.7775499999999999,Current
0.45113666666666696,0.4737366666666673,0.4759100000000001,0.47921333333333405,0.46928333333333305,Current
0.34593666666666734,0.34911666666666646,0.37921000000000116,0.37153000000000036,0.3663066666666669,Current
0.4064100000000001,0.4202566666666671,0.4166400000000001,0.41377999999999976,0.4235966666666666,Current
0.9820800000000003,0.9544833333333336,0.9643533333333342,0.940996666666667,0.9659166666666672,Current
0.9404700000000011,0.9264000000000018,0.8998900000000002,0.9054700000000007,0.9009833333333341,Current
0.7067300000000006,0.7362866666666658,0.6867433333333332,0.67326,0.6409733333333343,Current
0.6410266666666664,0.721276666666667,0.7682033333333326,0.7243933333333337,0.7674333333333329,Current
0.23432000000000058,0.24976333333333436,0.26981666666666776,0.17329333333333372,0.1832333333333337,Current
0.09990333333333318,0.0949399999999999,0.09203666666666654,0.09160999999999976,0.09780666666666654,Current
0.03558333333333332,0.03622666666666666,0.03365333333333332,0.03571999999999998,0.030033333333333342,Current
0.07339999999999991,0.08034333333333311,0.06448666666666658,0.07930333333333316,0.05691666666666661,Current
0.015543333333333343,0.013760000000000008,0.016213333333333343,0.01453000000000001,0.012233333333333336,Current
0.5129533333333326,0.4986100000000006,0.48903999999999953,0.5000966666666663,0.5089899999999996,Current
0.9805566666666664,0.9719600000000006,0.9744833333333339,0.9875466666666667,0.9802633333333337,Current
0.9921266666666668,0.991496666666667,0.9927400000000003,0.9888066666666667,0.9912033333333334,Current
0.9978166666666668,0.9991933333333334,0.99871,0.9978166666666668,0.9974500000000002,Current
0.9512133333333345,0.9479533333333342,0.9584700000000005,0.9576266666666668,0.9541133333333331,Current
0.957640000000001,0.9578066666666678,0.9639900000000005,0.9551966666666676,0.9616333333333352,Current
0.8891533333333344,0.8047433333333339,0.7704366666666672,0.8699233333333348,0.7800900000000015,Current
0.9748466666666671,0.9718066666666675,0.9739233333333334,0.971953333333334,0.9731966666666669,Current
0.6983866666666673,0.657703333333333,0.7010933333333343,0.7272833333333335,0.7093699999999995,Current
0.07288999999999986,0.07967999999999986,0.07396333333333327,0.08857999999999988,0.0706233333333332,Current
0.05052333333333334,0.03336999999999999,0.04712333333333331,0.026273333333333336,0.026346666666666664,Current
0.8557066666666676,0.8716866666666676,0.8894933333333335,0.8827600000000004,0.8828733333333346,Current
0.973086666666667,0.9617700000000008,0.9656033333333338,0.942623333333334,0.9690400000000005,Current
0.9707900000000013,0.9568733333333345,0.9611166666666668,0.9631100000000009,0.9634666666666671,Current
0.901766666666668,0.9312000000000007,0.9428633333333344,0.9422333333333334,0.9445666666666677,Current
0.9841133333333343,0.9653100000000006,0.9704733333333337,0.9786000000000006,0.9772666666666668,Current
0.8181500000000008,0.831786666666667,0.8096266666666674,0.8168966666666668,0.8155333333333351,Current
0.8554166666666683,0.8702800000000008,0.8640133333333333,0.8693333333333345,0.8372366666666671,Current
0.9602666666666677,0.9434566666666673,0.9578233333333348,0.9576633333333342,0.9653866666666671,Current
0.6534600000000002,0.6337933333333332,0.6669666666666675,0.6764733333333333,0.6930733333333334,Current
0.23585333333333355,0.1580466666666667,0.1271033333333334,0.16071000000000024,0.13269333333333325,Current
0.02438666666666667,0.030623333333333322,0.018240000000000006,0.02233000000000001,0.01248333333333334,Current
0.009350000000000002,0.009013333333333328,0.011113333333333343,0.010680000000000004,0.008986666666666665,Current
0.7673666666666671,0.8135933333333335,0.7970766666666669,0.7560966666666674,0.7859933333333339,Current
0.9249800000000025,0.9105100000000012,0.9074133333333337,0.9116200000000018,0.8986633333333349,Current
0.7262233333333327,0.7314633333333334,0.7790966666666672,0.7012199999999996,0.7716766666666672,Current
0.08724333333333316,0.0777099999999998,0.10519666666666651,0.07413666666666653,0.11292333333333325,Current
0.5589199999999991,0.5857733333333331,0.5961833333333334,0.5774999999999991,0.6040266666666667,Current
0.3187500000000007,0.31418666666666784,0.34448000000000056,0.3557200000000008,0.3647833333333337,Current
0.37077666666666703,0.24259000000000042,0.2164500000000003,0.2771266666666671,0.23925000000000035,Current
0.46574,0.4685099999999999,0.45754000000000017,0.4600666666666665,0.4677399999999997,Current
0.21391333333333395,0.17342333333333337,0.09972666666666657,0.12762666666666664,0.08054666666666653,Current
0.060950000000000025,0.07818333333333319,0.06879333333333328,0.07095999999999988,0.08431333333333331,Current
0.024023333333333344,0.02893666666666668,0.026723333333333345,0.024020000000000017,0.01962000000000001,Current
0.1373166666666667,0.18259666666666685,0.20291333333333342,0.13084,0.16524000000000005,Current
0.04018666666666665,0.0553233333333333,0.0880733333333333,0.04309666666666665,0.05368666666666663,Current
0.02458666666666668,0.02436095238095239,0.015453333333333333,0.01734333333333334,0.013836666666666667,Current
0.04586166666666665,0.04666238095238097,0.04800166666666661,0.04832634920634922,0.03860333333333331,Current
0.06428999999999999,0.08376666666666645,0.0970166666666665,0.07623333333333324,0.09629666666666652,Current
0.3078500000000005,0.31790333333333337,0.35395666666666686,0.32630000000000015,0.3449900000000003,Current
0.019133333333333336,0.03198333333333333,0.011050000000000008,0.01262666666666667,0.01436,Current
0.21487000000000053,0.22707000000000035,0.21904333333333376,0.19241000000000022,0.22950000000000031,Current
0.05182999999999999,0.05398333333333335,0.07875333333333336,0.09027333333333332,0.06932666666666665,Current
0.02485666666666669,0.027557619047619056,0.027183333333333365,0.02506333333333336,0.024503571428571465,Current
0.030405714285714282,0.03230857142857144,0.03316333333333333,0.038810000000000025,0.04085023809523811,Current
0.05029333333333331,0.04281999999999996,0.035339999999999996,0.03751333333333332,0.05152142857142858,Current
0.07374333333333326,0.07579999999999994,0.041899999999999944,0.04735999999999995,0.05253999999999996,Current
0.08950999999999983,0.08074666666666655,0.08527999999999991,0.09022666666666651,0.08414999999999985,Current
0.05211666666666664,0.04845666666666664,0.05546999999999992,0.050539999999999974,0.04967666666666665,Current
0.05114428571428571,0.04908999999999999,0.0526333333333333,0.06365166666666658,0.05628499999999996,Current
0.04422190476190475,0.05377642857142854,0.04212999999999999,0.05687999999999995,0.06041071428571424,Current
0.058696190476190395,0.07457452380952369,0.06536499999999992,0.058628095238095215,0.07998238095238079,Current
0.09054333333333318,0.1168366666666667,0.10254999999999975,0.090633333333333,0.08963999999999976,Current
0.061223333333333164,0.05510333333333328,0.08954333333333311,0.058426666666666634,0.06272666666666663,Current
0.09965999999999982,0.13177190476190478,0.024213333333333354,0.06929999999999994,0.02393619047619049,Current
0.028469999999999992,0.06780333333333322,0.04704999999999998,0.03193000000000001,0.05153666666666663,Current
0.030184047619047617,0.030865238095238112,0.04171523809523808,0.023222380952380977,0.022793571428571458,Current
0.031116666666666674,0.03938333333333332,0.028546666666666668,0.03816333333333334,0.02400333333333334,Current
0.1926900000000001,0.222026666666667,0.24282333333333336,0.21639666666666668,0.21915333333333362,Current
0.11015999999999994,0.1132833333333332,0.09203666666666656,0.14735666666666672,0.09570666666666656,Current
0.0728466666666666,0.15991333333333335,0.07812666666666658,0.0772933333333333,0.10033666666666657,Current
0.08729333333333324,0.11321333333333335,0.0980733333333331,0.053106666666666594,0.06538666666666652,Current
0.1180933333333333,0.13738666666666666,0.18113333333333348,0.15858333333333338,0.1708933333333335,Current
0.09495666666666658,0.10392666666666667,0.12081666666666666,0.09350666666666656,0.09316666666666652,Current
0.037419999999999995,0.024733333333333326,0.022500000000000003,0.014180000000000003,0.024813333333333337,Current
0.048896666666666616,0.081876666666666445,0.10061333333333312,0.058549999999999956,0.09693666666666648,Current
0.016773333333333335,0.019326666666666673,0.03173666666666666,0.02092333333333334,0.02812333333333334,Current
0.26632333333333347,0.25783333333333364,0.1347666666666666,0.16821000000000016,0.1794100000000001,Current
0.05392666666666663,0.08183999999999987,0.08784333333333327,0.04262666666666665,0.09098333333333324,Current
0.13190000000000018,0.15504666666666686,0.14138666666666683,0.12908333333333338,0.13187,Current
0.1591500000000002,0.20621333333333314,0.040833333333333346,0.05505666666666663,0.049993333333333334,Current
0.1271599999999999,0.07778666666666655,0.0783766666666665,0.03294666666666667,0.09022666666666657,Current
0.08126999999999994,0.13485333333333344,0.1182333333333334,0.08907666666666651,0.1117466666666665,Current
0.07242333333333321,0.06757999999999982,0.07850333333333319,0.08544666666666642,0.10590666666666657,Current
0.03899666666666667,0.040813333333333326,0.036283333333333306,0.042639999999999983,0.0586333333333333,Current
0.20059000000000024,0.24702666666666692,0.23992333333333357,0.18549333333333345,0.2108633333333336,Current
0.035991515151515115,0.044707857142857105,0.03900801587301583,0.047817619047619046,0.04373706349206344,Current
0.06843666666666658,0.06320666666666656,0.09062666666666647,0.14462333333333355,0.10467333333333322,Current
0.713313333333333,0.6952533333333333,0.7123566666666677,0.6832566666666668,0.6929266666666674,Current
0.6780866666666677,0.6860633333333344,0.6802566666666656,0.6705366666666662,0.6716333333333333,Current
0.8277133333333332,0.8271200000000017,0.7915066666666672,0.8224166666666662,0.7854399999999998,Current
0.6506266666666662,0.7748066666666672,0.8026933333333327,0.7966366666666669,0.8063266666666672,Current
0.544143333333334,0.5616599999999995,0.5542566666666662,0.5444799999999999,0.5429633333333328,Current
0.6875666666666661,0.6555933333333327,0.5727300000000001,0.7429599999999992,0.5545233333333328,Current
0.21329000000000045,0.19835333333333374,0.2304933333333336,0.1627066666666668,0.2136800000000007,Current
0.9309466666666676,0.9239033333333345,0.8870100000000021,0.847033333333334,0.9188433333333346,Current
0.13569000000000023,0.16333333333333347,0.12009333333333316,0.17946666666666705,0.09435666666666644,Current
0.2864833333333336,0.2728700000000005,0.17138000000000014,0.24066000000000054,0.14645999999999998,Current
0.8832700000000004,0.8505966666666678,0.797866666666667,0.846843333333334,0.7984500000000003,Current
0.21812666666666733,0.16982666666666701,0.22599000000000014,0.21587666666666677,0.2013600000000002,Current
0.56986333333333306,0.5668633333333322,0.5551800000000006,0.5610899999999999,0.5574433333333327,Current
0.9969,0.9960500000000003,0.9956600000000004,0.9967666666666668,0.9948699999999999,Current
0.9613333333333342,0.974196666666667,0.9706466666666677,0.9695566666666671,0.9821066666666668,Current
0.9942600000000008,0.9921700000000004,0.9895200000000003,0.9907600000000004,0.9927966666666669,Current
0.9833833333333336,0.9755200000000004,0.9866233333333332,0.9739300000000003,0.9669666666666664,Current
0.9984700000000001,0.99928,0.9989666666666668,0.99841,0.9983466666666667,Current
0.9924766666666668,0.9917300000000001,0.9892466666666665,0.9912166666666667,0.9934966666666669,Current
0.9974666666666666,0.9971433333333336,0.998726666666667,0.9982533333333333,0.9979199999999999,Current
0.8520366666666669,0.8910700000000003,0.9065233333333337,0.9305866666666675,0.8901133333333333,Current
0.9926266666666672,0.9922100000000003,0.9928033333333338,0.9932199999999999,0.9908566666666667,Current
0.9879333333333336,0.99341,0.9894266666666667,0.990636666666667,0.9944033333333336,Current
0.9873966666666667,0.9849500000000003,0.9836866666666668,0.98567,0.98444,Current
0.986026666666667,0.9852100000000003,0.9814799999999998,0.9866333333333333,0.9873666666666668,Current
0.9948066666666667,0.995366666666667,0.9960266666666671,0.9968766666666666,0.9952066666666669,Current
0.47501666666666653,0.4748633333333326,0.46360999999999974,0.4676366666666673,0.47217000000000015,Current
0.99029,0.9781900000000003,0.9874800000000002,0.983476666666667,0.9852400000000003,Current
0.986133333333334,0.98546,0.9842033333333333,0.9826233333333334,0.9879466666666668,Current
0.9943133333333337,0.9936633333333337,0.993706666666667,0.9944566666666671,0.9949333333333334,Current
0.998426666666667,0.9984566666666665,0.9994266666666668,0.9982800000000001,0.9982166666666666,Current
0.9818100000000012,0.9757200000000011,0.9701200000000006,0.9863566666666673,0.9624966666666674,Current
0.45029666666666707,0.4502933333333336,0.46280333333333357,0.4627833333333334,0.45864333333333324,Current
0.3154000000000004,0.29272000000000037,0.3102466666666664,0.2973266666666669,0.2981800000000002,Current
0.8869700000000003,0.8852433333333334,0.8591700000000002,0.88805,0.8946700000000006,Current
0.9506000000000017,0.9439133333333346,0.9434733333333339,0.9454366666666679,0.9530400000000016,Current
0.9787400000000005,0.9823033333333333,0.9849999999999998,0.9793166666666675,0.9828400000000005,Current
0.9924700000000003,0.9736966666666668,0.9823366666666672,0.9888433333333336,0.9873533333333339,Current
0.33514666666666687,0.3342066666666672,0.37652666666666745,0.36596666666666705,0.3521200000000006,Current
0.9723133333333335,0.9448733333333339,0.9632300000000008,0.955996666666667,0.9400800000000007,Current
0.9907400000000003,0.9897733333333335,0.9795766666666675,0.9846233333333335,0.9926100000000002,Current
0.9696466666666678,0.9575900000000007,0.9569900000000009,0.9613866666666677,0.9663900000000002,Current
0.07704666666666658,0.07938333333333317,0.07754999999999986,0.0879033333333332,0.07956333333333314,Current
0.029273333333333353,0.03352,0.03750999999999999,0.035473333333333294,0.032520000000000014,Current
0.03397666666666665,0.035280000000000006,0.031659999999999994,0.033266666666666646,0.03046333333333334,Current
0.010513333333333335,0.012470000000000005,0.009890000000000001,0.011496666666666676,0.01082,Current
0.0859466666666665,0.09274999999999987,0.07734666666666655,0.08926666666666641,0.07732666666666656,Current
0.12252999999999993,0.11698333333333316,0.11646999999999978,0.11276666666666658,0.09899999999999977,Current
0.03541333333333332,0.0266,0.024973333333333344,0.025733333333333337,0.02868,Current
0.381426666666666,0.38141000000000025,0.3813833333333333,0.3783899999999994,0.3914400000000002,Current
0.07666666666666652,0.07669666666666652,0.07020999999999994,0.07477999999999987,0.06151666666666663,Current
0.051563333333333336,0.05343000000000002,0.05045,0.05078666666666668,0.04972333333333332,Current
0.06387333333333324,0.05958666666666668,0.06463333333333328,0.06181666666666658,0.058136666666666635,Current
0.021453333333333338,0.02359000000000001,0.023940000000000013,0.021303333333333344,0.017836666666666678,Current
0.5508833333333344,0.5433566666666662,0.539063333333333,0.5266699999999993,0.5314566666666668,Current
0.6990133333333337,0.6975200000000009,0.709206666666667,0.6945666666666674,0.7087466666666669,Current
0.9506700000000001,0.9208900000000001,0.9402800000000007,0.949513333333335,0.9521266666666673,Current
0.9845066666666668,0.9914166666666666,0.9849633333333333,0.9927466666666667,0.9882533333333333,Current
0.9488133333333341,0.9468000000000004,0.9440700000000001,0.9436533333333342,0.9489700000000002,Current
0.9906533333333336,0.9910500000000005,0.9909533333333338,0.9905000000000002,0.9850633333333337,Current
0.8037500000000006,0.8090400000000004,0.834593333333334,0.8191300000000004,0.8157233333333347,Current
0.9511366666666674,0.9198700000000012,0.9340766666666678,0.9222333333333332,0.930210000000001,Current
0.8955566666666671,0.8927633333333349,0.8784766666666682,0.8907800000000008,0.8814766666666682,Current
0.8936099999999999,0.8928666666666671,0.8890266666666674,0.8918166666666668,0.8956066666666666,Current
0.8811933333333349,0.864976666666668,0.853190000000001,0.8852366666666669,0.8534066666666682,Current
0.9606666666666679,0.9587966666666676,0.9489833333333343,0.9627000000000008,0.9550333333333351,Current
0.8072400000000004,0.7793800000000004,0.82232,0.8084266666666668,0.842530000000001,Current
0.9575633333333335,0.9631433333333335,0.9540633333333338,0.952753333333334,0.9542666666666672,Current
0.8199800000000005,0.8620566666666678,0.8619866666666687,0.8322433333333341,0.8327033333333338,Current
0.9753766666666672,0.9497733333333337,0.9524066666666671,0.9761633333333338,0.9723412121212126,Current
0.42893333333333306,0.46487333333333236,0.49625000000000047,0.4559566666666671,0.4679499999999997,Current
0.3187500000000005,0.38757000000000036,0.4262766666666662,0.3711333333333338,0.4105733333333335,Current
0.4842100000000007,0.36626333333333366,0.36748999999999993,0.3557333333333336,0.3845433333333342,Current
0.3075200000000004,0.30477333333333356,0.30788333333333373,0.30978333333333363,0.3009966666666672,Current
0.048216666666666665,0.0646466666666665,0.05723333333333328,0.05582999999999995,0.05015666666666663,Current
0.11743666666666663,0.12272333333333327,0.11839666666666669,0.12117999999999997,0.11768333333333325,Current
0.10386333333333322,0.09801999999999984,0.0785266666666665,0.08657999999999981,0.08289333333333318,Current
0.1188366666666666,0.1355800000000001,0.1484533333333336,0.13979333333333344,0.13994000000000018,Current
0.04993666666666666,0.06265999999999987,0.05776333333333328,0.053329999999999975,0.04938666666666663,Current
0.33223666666666707,0.28805333333333355,0.32824999999999993,0.3238233333333335,0.3290500000000001,Current
0.9458866666666678,0.9411133333333329,0.8986866666666672,0.9347366666666675,0.9117100000000014,Current
0.9649433333333344,0.9711833333333342,0.9615400000000002,0.9683433333333343,0.9588433333333344,Current
0.1323866666666667,0.14013000000000012,0.15593666666666706,0.13492333333333337,0.13928666666666675,Current
0.20342333333333384,0.21817000000000025,0.22013333333333357,0.22508333333333388,0.24035333333333364,Current
0.1695333333333335,0.19551666666666692,0.1898400000000005,0.19923000000000013,0.19183333333333355,Current
0.8368466666666685,0.7876866666666673,0.7895133333333337,0.8259233333333341,0.7828000000000006,Current
0.509706666666667,0.49015333333333344,0.49817999999999973,0.43715666666666586,0.4238866666666667,Current
0.865570000000001,0.8541566666666673,0.8624200000000006,0.861043333333335,0.8398866666666669,Current
0.46197999999999945,0.4499266666666665,0.4587000000000001,0.4561466666666669,0.4679833333333333,Current
0.25343000000000054,0.21746000000000054,0.1925100000000005,0.2009033333333338,0.18811333333333352,Current
0.1962833333333338,0.19460111111111142,0.21657333333333353,0.18932000000000013,0.22885857142857172,Current
0.7698600000000003,0.7788799999999989,0.7699800000000001,0.7711066666666668,0.7698900000000002,Current
0.13097999999999993,0.1841000000000002,0.10525333333333317,0.19864000000000012,0.09481999999999989,Current
0.6189633333333333,0.6089333333333333,0.6589700000000006,0.6481633333333318,0.6365066666666672,Current
0.7005533333333341,0.7179566666666669,0.7578133333333334,0.705796666666667,0.764896666666666,Current
0.14343999999999993,0.13601333333333335,0.15632000000000015,0.1685300000000002,0.1685300000000001,Current
0.052933333333333304,0.08074666666666645,0.14511666666666673,0.056363333333333245,0.11963999999999997,Current
0.21673,0.15400666666666665,0.15957000000000032,0.23330666666666675,0.21576333333333383,Current
0.40876333333333387,0.4475533333333333,0.390493333333334,0.41846333333333396,0.39293000000000006,Current
0.16410666666666684,0.15066333333333345,0.187666666666667,0.18426666666666713,0.23993333333333358,Current
0.033393333333333323,0.028466666666666675,0.027626666666666678,0.02566000000000001,0.02691000000000002,Current
0.009710000000000007,0.010020000000000001,0.009483333333333326,0.009006666666666666,0.009153333333333333,Current
0.07902333333333326,0.06673666666666661,0.07399333333333333,0.05995,0.04913999999999999,Current
0.9746600000000006,0.9721633333333337,0.9596600000000006,0.9779166666666671,0.9750066666666671,Current
0.976736666666667,0.9684000000000006,0.9720033333333337,0.967986666666667,0.9735066666666665,Current
0.987176666666667,0.9906166666666671,0.9899766666666671,0.9917566666666671,0.9875400000000003,Current
0.925370000000001,0.9473300000000003,0.9226033333333343,0.9377466666666671,0.933356666666667,Current
0.9703033333333336,0.9906933333333334,0.9853166666666672,0.9812966666666673,0.9844566666666671,Current
0.8577800000000012,0.8673566666666671,0.8789700000000003,0.8756733333333335,0.8737566666666678,Current
0.9179366666666674,0.968506666666667,0.9622100000000006,0.9663666666666674,0.9658333333333335,Current
0.9835866666666668,0.9840866666666674,0.9785433333333343,0.9930333333333338,0.986886666666667,Current
0.9918500000000002,0.9907033333333335,0.9896533333333333,0.9889900000000001,0.9890666666666666,Current
0.9988466666666667,0.9975366666666666,0.99834,0.9976366666666667,0.9978433333333334,Current
0.8588933333333345,0.867536666666668,0.8613633333333329,0.8577966666666678,0.8589400000000019,Current
0.9665500000000007,0.9701700000000004,0.9648100000000004,0.9669633333333343,0.9701833333333334,Current
0.9913300000000002,0.9917566666666673,0.9909233333333337,0.9895200000000003,0.991383333333334,Current
0.9708333333333343,0.966206666666668,0.9655633333333353,0.9616166666666676,0.9685966666666683,Current
0.9700566666666675,0.9590166666666681,0.965173333333335,0.9627466666666679,0.9643866666666682,Current
0.9957566666666667,0.9944533333333334,0.9953766666666667,0.9935400000000002,0.9944566666666668,Current
0.994526666666667,0.9968566666666667,0.9961833333333334,0.9965866666666667,0.9936166666666668,Current
0.8590233333333334,0.8543666666666674,0.8744900000000003,0.9227999999999996,0.8763433333333335,Current
0.8954433333333336,0.9025800000000005,0.8624699999999995,0.9116633333333337,0.8698666666666673,Current
0.9950100000000002,0.9947733333333335,0.9935866666666671,0.9891900000000003,0.9923933333333338,Current
0.9451000000000016,0.9453633333333336,0.939686666666667,0.9457166666666679,0.9518500000000011,Current
0.9204833333333341,0.9219366666666674,0.9202566666666675,0.9274900000000004,0.9339600000000013,Current
0.9254300000000001,0.9338800000000007,0.9298033333333339,0.9303900000000008,0.928586666666667,Current
0.9941600000000004,0.9935900000000003,0.9938000000000003,0.9944466666666667,0.9897833333333338,Current
0.9863866666666676,0.9903300000000007,0.9891166666666672,0.9883000000000005,0.9890600000000006,Current
0.7886785714285717,0.7825206493506506,0.7344566666666664,0.7730733333333335,0.7318371428571432,Current
0.9928433333333336,0.9891100000000004,0.9818633333333341,0.9898833333333339,0.9914766666666673,Current
0.9474166666666679,0.953316666666668,0.9422400000000005,0.9474466666666677,0.9405633333333344,Current
0.9173833333333343,0.9158666666666669,0.9023666666666679,0.9085266666666676,0.9102933333333336,Current
0.9936866666666668,0.9955266666666667,0.993236666666667,0.9942933333333333,0.9936566666666667,Current
0.9471400000000005,0.929736666666668,0.9316533333333343,0.9389900000000007,0.9317766666666679,Current
0.9748166666666673,0.9764900000000003,0.9739300000000001,0.976916666666667,0.9776800000000001,Current
0.9874899999999998,0.9865833333333334,0.9873366666666666,0.987296666666667,0.9893633333333334,Current
0.9716300000000004,0.9769733333333334,0.9777000000000006,0.9766233333333335,0.9770133333333335,Current
0.9475366666666674,0.9453233333333343,0.9403766666666683,0.9514633333333348,0.9639900000000007,Current
0.9113800000000003,0.9134700000000007,0.9108500000000002,0.906830000000001,0.9239900000000014,Current
0.9007566666666679,0.8733300000000005,0.8994166666666668,0.9019433333333337,0.9090399999999996,Current
0.9036033333333344,0.8829333333333341,0.8702133333333338,0.896926666666667,0.8680900000000004,Current
0.9776766666666666,0.9719100000000012,0.971263333333334,0.9749833333333345,0.9712500000000007,Current
0.38801666666666645,0.32999666666666677,0.3750300000000003,0.4143266666666659,0.39321000000000006,Current
0.27185,0.2080033333333336,0.2541100000000003,0.2736433333333341,0.27032666666666694,Current
0.9281200000000009,0.9720000000000002,0.9680600000000009,0.9703333333333334,0.962693333333334,Current
0.9362266666666681,0.9527500000000014,0.9516566666666678,0.9537133333333336,0.9577933333333344,Current
0.9852333333333337,0.9845133333333335,0.9816300000000003,0.9834466666666669,0.9848733333333334,Current
0.9536166666666677,0.9607800000000009,0.9548300000000008,0.955413333333334,0.9662433333333346,Current
0.9209066666666685,0.8549300000000003,0.8860200000000014,0.9035433333333347,0.8786366666666682,Current
0.887303333333334,0.888426666666667,0.9152766666666675,0.8733400000000009,0.8909733333333352,Current
0.9734000000000006,0.9739300000000005,0.9872666666666666,0.9827433333333336,0.9822933333333335,Current
0.9412800000000003,0.9403166666666675,0.9451400000000005,0.9306466666666668,0.8898066666666667,Current
0.9553666666666668,0.9440800000000003,0.9537333333333338,0.944366666666667,0.9597333333333335,Current
0.9117966666666673,0.9171333333333345,0.9201333333333341,0.9163266666666672,0.9188200000000004,Current
0.9673766666666679,0.9737566666666672,0.9725233333333339,0.9700366666666674,0.9657633333333344,Current
0.991236666666667,0.9904033333333333,0.9872100000000004,0.9834166666666669,0.9882366666666669,Current
0.9762366666666674,0.9747333333333338,0.9767033333333338,0.9768333333333336,0.9707366666666674,Current
0.9818833333333343,0.9826600000000005,0.9841966666666675,0.9846466666666672,0.9713400000000006,Current
0.7196366666666664,0.7056933333333333,0.7549166666666673,0.7935399999999997,0.7600866666666668,Current
0.871376666666667,0.8933266666666668,0.8974666666666672,0.8837000000000013,0.8784066666666671,Current
0.04846333333333334,0.06836999999999983,0.08551333333333322,0.0801733333333332,0.08226333333333326,Current
0.9713166666666672,0.9769700000000004,0.9848666666666677,0.9797366666666676,0.979396666666668,Current
0.7611633333333339,0.6429900000000003,0.7236466666666667,0.6645533333333333,0.7032766666666678,Current
0.901186666666667,0.8899200000000008,0.8896500000000005,0.8952533333333355,0.9215300000000012,Current
0.8561900000000014,0.8010566666666677,0.8142966666666666,0.8799466666666672,0.8253066666666679,Current
0.8535700000000009,0.7741599999999988,0.8508500000000009,0.7795700000000001,0.7308433333333335,Current
0.9437766666666677,0.9126800000000005,0.889863333333334,0.9373466666666677,0.9395933333333348,Current
0.9538000000000011,0.9591766666666685,0.9499833333333336,0.9423800000000012,0.9135833333333334,Current
0.8774633333333349,0.8208566666666678,0.8305566666666664,0.8992100000000006,0.8404466666666686,Current
